{
  "runs": 15,
  "avg_satcmm_runtime_seconds": 276.6406316230074,
  "avg_analyzer_runtime_seconds": 0.012497905703882376,
  "avg_mux_cost": 9.0,
  "killed_by_timeout": 2
}