{
  "targets": "196|1017|1036|3648|2014|449|61|1280|1983|2064|4089|38|1528|756|772|4064",
  "satcmm_args": [
    "/home/bbarbe/exe/satcmm",
    "196|1017|1036|3648|2014|449|61|1280|1983|2064|4089|38|1528|756|772|4064",
    "allow_negative_coefficients=1",
    "solver_name=executable",
    "executable_binary=/home/bbarbe/exe/kissat",
    "min_num_adders=2",
    "max_num_adders=2",
    "allow_coefficient_sign_inversion=2",
    "timeout=300"
  ],
  "returncode": 0,
  "satcmm_duration_seconds": 1247.4834764581174,
  "analyzer_duration_seconds": 0.010888862423598766,
  "mux_cost": 10,
  "adder_graph_found": true
}