{
  "targets": "1153|232|2300|780|4064|2046|2580|3528|608|996|94|3076|2528|2041|962|2014",
  "satcmm_args": [
    "/home/bbarbe/exe/satcmm",
    "1153|232|2300|780|4064|2046|2580|3528|608|996|94|3076|2528|2041|962|2014",
    "allow_negative_coefficients=1",
    "solver_name=executable",
    "executable_binary=/home/bbarbe/exe/kissat",
    "min_num_adders=2",
    "max_num_adders=2",
    "allow_coefficient_sign_inversion=2",
    "timeout=300"
  ],
  "returncode": 0,
  "satcmm_duration_seconds": 101.06711027957499,
  "analyzer_duration_seconds": 0.011559205129742622,
  "mux_cost": 10,
  "adder_graph_found": true
}