{
  "targets": "196|190|59|110|114|150|164|128|31|192|47|160|3|133|184|155",
  "satcmm_args": [
    "/home/bbarbe/exe/satcmm",
    "196|190|59|110|114|150|164|128|31|192|47|160|3|133|184|155",
    "allow_negative_coefficients=1",
    "solver_name=executable",
    "executable_binary=/home/bbarbe/exe/kissat",
    "min_num_adders=2",
    "max_num_adders=2",
    "allow_coefficient_sign_inversion=2",
    "timeout=300"
  ],
  "returncode": 0,
  "satcmm_duration_seconds": 30.564190551638603,
  "analyzer_duration_seconds": 0.011477743275463581,
  "mux_cost": 8,
  "adder_graph_found": true
}