{
  "targets": "1020|903|29|239|17|50|512|495|247|516|542|250|28|105|319|12",
  "satcmm_args": [
    "/home/bbarbe/exe/satcmm",
    "1020|903|29|239|17|50|512|495|247|516|542|250|28|105|319|12",
    "allow_negative_coefficients=1",
    "solver_name=executable",
    "executable_binary=/home/bbarbe/exe/kissat",
    "min_num_adders=2",
    "max_num_adders=2",
    "allow_coefficient_sign_inversion=2",
    "timeout=300"
  ],
  "returncode": 0,
  "satcmm_duration_seconds": 36.167203773744404,
  "analyzer_duration_seconds": 0.011075074784457684,
  "mux_cost": 8,
  "adder_graph_found": true
}