{
  "targets": "1016|129|122|770|897|208|190|994|976|145|254|882|56|880|0|26",
  "satcmm_args": [
    "/home/bbarbe/exe/satcmm",
    "1016|129|122|770|897|208|190|994|976|145|254|882|56|880|0|26",
    "allow_negative_coefficients=1",
    "solver_name=executable",
    "executable_binary=/home/bbarbe/exe/kissat",
    "min_num_adders=2",
    "max_num_adders=2",
    "allow_coefficient_sign_inversion=2",
    "timeout=300"
  ],
  "returncode": 0,
  "satcmm_duration_seconds": 76.0785260181874,
  "analyzer_duration_seconds": 0.011312264949083328,
  "mux_cost": 9,
  "adder_graph_found": true
}