{
  "targets": "552|54|645|400|494|961|464|964|816|62|253|225|65|114|322|512",
  "satcmm_args": [
    "/home/bbarbe/exe/satcmm",
    "552|54|645|400|494|961|464|964|816|62|253|225|65|114|322|512",
    "allow_negative_coefficients=1",
    "solver_name=executable",
    "executable_binary=/home/bbarbe/exe/kissat",
    "min_num_adders=2",
    "max_num_adders=2",
    "allow_coefficient_sign_inversion=2",
    "timeout=300"
  ],
  "returncode": 0,
  "satcmm_duration_seconds": 416.46479073911905,
  "analyzer_duration_seconds": 0.011371690779924393,
  "mux_cost": 9,
  "adder_graph_found": true
}