{
  "targets": "2|72|23|96|55|28|31|20|67|71|94|32|30|29|46|121|56|62|63|41|124|6|37|7|50|81|12|112|118|33|36|125",
  "satcmm_args": [
    "/home/bbarbe/exe/satcmm",
    "2|72|23|96|55|28|31|20|67|71|94|32|30|29|46|121|56|62|63|41|124|6|37|7|50|81|12|112|118|33|36|125",
    "allow_negative_coefficients=1",
    "solver_name=executable",
    "executable_binary=/home/bbarbe/exe/kissat",
    "min_num_adders=2",
    "max_num_adders=2",
    "allow_coefficient_sign_inversion=2"
  ],
  "returncode": 0,
  "satcmm_duration_seconds": 251.10265842918307,
  "analyzer_duration_seconds": 0.012388356029987335,
  "mux_cost": 7,
  "adder_graph_found": true,
  "killed_by_timeout": false
}