{
  "targets": "45|50|128|238|64|30|585|189|228|73|188|1|476|517|320|360",
  "satcmm_args": [
    "/home/bbarbe/exe/satcmm",
    "45|50|128|238|64|30|585|189|228|73|188|1|476|517|320|360",
    "allow_negative_coefficients=1",
    "solver_name=executable",
    "executable_binary=/home/bbarbe/exe/kissat",
    "min_num_adders=2",
    "max_num_adders=2",
    "allow_coefficient_sign_inversion=2",
    "timeout=300"
  ],
  "returncode": 0,
  "satcmm_duration_seconds": 58.870541617274284,
  "analyzer_duration_seconds": 0.011205722577869892,
  "mux_cost": 8,
  "adder_graph_found": true
}