{
  "targets": "1152|2496|3075|1791|1020|3842|1040|3104|61|325|561|889|3080|4031|3967|1",
  "satcmm_args": [
    "/home/bbarbe/exe/satcmm",
    "1152|2496|3075|1791|1020|3842|1040|3104|61|325|561|889|3080|4031|3967|1",
    "allow_negative_coefficients=1",
    "solver_name=executable",
    "executable_binary=/home/bbarbe/exe/kissat",
    "min_num_adders=2",
    "max_num_adders=2",
    "allow_coefficient_sign_inversion=2",
    "timeout=300"
  ],
  "returncode": 0,
  "satcmm_duration_seconds": 150.2856552246958,
  "analyzer_duration_seconds": 0.011328097432851791,
  "mux_cost": 12,
  "adder_graph_found": true
}