{
  "targets": "1284|2568|1282|768|1156|1539|2624|1534|3078|3856|1548|894|200|540|521|32",
  "satcmm_args": [
    "/home/bbarbe/exe/satcmm",
    "1284|2568|1282|768|1156|1539|2624|1534|3078|3856|1548|894|200|540|521|32",
    "allow_negative_coefficients=1",
    "solver_name=executable",
    "executable_binary=/home/bbarbe/exe/kissat",
    "min_num_adders=2",
    "max_num_adders=2",
    "allow_coefficient_sign_inversion=2",
    "timeout=300"
  ],
  "returncode": 0,
  "satcmm_duration_seconds": 151.4852252844721,
  "analyzer_duration_seconds": 0.01154860109090805,
  "mux_cost": 9,
  "adder_graph_found": true
}