{
  "targets": "894|75|97|1058|578|2550|198|1168|892|568|888|1985|548|2|561|385",
  "satcmm_args": [
    "/home/bbarbe/exe/satcmm",
    "894|75|97|1058|578|2550|198|1168|892|568|888|1985|548|2|561|385",
    "allow_negative_coefficients=1",
    "solver_name=executable",
    "executable_binary=/home/bbarbe/exe/kissat",
    "min_num_adders=2",
    "max_num_adders=2",
    "allow_coefficient_sign_inversion=2",
    "timeout=300"
  ],
  "returncode": 0,
  "satcmm_duration_seconds": 78.8335638595745,
  "analyzer_duration_seconds": 0.011167285032570362,
  "mux_cost": 9,
  "adder_graph_found": true
}