{
  "targets": "225|945|895|769|420|968|446|279|529|585|632|455|512|261|608|958",
  "satcmm_args": [
    "/home/bbarbe/exe/satcmm",
    "225|945|895|769|420|968|446|279|529|585|632|455|512|261|608|958",
    "allow_negative_coefficients=1",
    "solver_name=executable",
    "executable_binary=/home/bbarbe/exe/kissat",
    "min_num_adders=2",
    "max_num_adders=2",
    "allow_coefficient_sign_inversion=2",
    "timeout=300"
  ],
  "returncode": 0,
  "satcmm_duration_seconds": 49.08586631063372,
  "analyzer_duration_seconds": 0.011400147341191769,
  "mux_cost": 9,
  "adder_graph_found": true
}