{
  "targets": "1275|1044|3168|1533|4093|552|142|2193|448|630|1728|2044|928|1278|251|4064",
  "satcmm_args": [
    "/home/bbarbe/exe/satcmm",
    "1275|1044|3168|1533|4093|552|142|2193|448|630|1728|2044|928|1278|251|4064",
    "allow_negative_coefficients=1",
    "solver_name=executable",
    "executable_binary=/home/bbarbe/exe/kissat",
    "min_num_adders=2",
    "max_num_adders=2",
    "allow_coefficient_sign_inversion=2",
    "timeout=300"
  ],
  "returncode": 0,
  "satcmm_duration_seconds": 842.9338788203895,
  "analyzer_duration_seconds": 0.011401611380279064,
  "mux_cost": 11,
  "adder_graph_found": true
}