{
  "targets": "572|478|41|479|58|210|194|264|88|150|156|37|336|133|222|928",
  "satcmm_args": [
    "/home/bbarbe/exe/satcmm",
    "572|478|41|479|58|210|194|264|88|150|156|37|336|133|222|928",
    "allow_negative_coefficients=1",
    "solver_name=executable",
    "executable_binary=/home/bbarbe/exe/kissat",
    "min_num_adders=2",
    "max_num_adders=2",
    "allow_coefficient_sign_inversion=2",
    "timeout=300"
  ],
  "returncode": 0,
  "satcmm_duration_seconds": 58.790789699181914,
  "analyzer_duration_seconds": 0.01101994700729847,
  "mux_cost": 8,
  "adder_graph_found": true
}