{
  "targets": "99|51|66|104|255|81|160|39|247|57|23|80|45|79|96|198|140|17|50|68|238|252|102|134|76|33|25|161|98|40|191|100",
  "satcmm_args": [
    "/home/bbarbe/exe/satcmm",
    "99|51|66|104|255|81|160|39|247|57|23|80|45|79|96|198|140|17|50|68|238|252|102|134|76|33|25|161|98|40|191|100",
    "allow_negative_coefficients=1",
    "solver_name=executable",
    "executable_binary=/home/bbarbe/exe/kissat",
    "min_num_adders=2",
    "max_num_adders=2",
    "allow_coefficient_sign_inversion=2"
  ],
  "returncode": -9,
  "satcmm_duration_seconds": 600.0983181614429,
  "analyzer_duration_seconds": 0.012663337402045727,
  "mux_cost": 9,
  "adder_graph_found": true,
  "killed_by_timeout": true
}