{
  "runs": 100,
  "avg_satcmm_runtime_seconds": 1.0337130413763225,
  "avg_analyzer_runtime_seconds": 0.01066469402052462,
  "avg_mux_cost": 4.17
}