{
  "targets": "34|63|208|59|85|228|16|220|240|49|242|76|12|3|132|144|36|65|200|18|112|130|31|133|74|217|236|79|1|180|81|119|244|195|111|222|7|97|19|69|193|190|138|45|210|223|161|116|67|6|121|155|5|47|134|196|2|153|46|104|123|198|239|13|25|191|108|250|128|14|129|254|204|241|186|136|162|96|58|148|11|122|100|84|9|33|150|140|80|170|22|32|232|88|125|247|56|71|61|95|225|118|39|248|226|35|23|124|231|165|152|251|17|4|0|68|73|146|99|145|50|66|120|27|127|189|93|37",
  "satcmm_args": [
    "/home/bbarbe/exe/satcmm",
    "34|63|208|59|85|228|16|220|240|49|242|76|12|3|132|144|36|65|200|18|112|130|31|133|74|217|236|79|1|180|81|119|244|195|111|222|7|97|19|69|193|190|138|45|210|223|161|116|67|6|121|155|5|47|134|196|2|153|46|104|123|198|239|13|25|191|108|250|128|14|129|254|204|241|186|136|162|96|58|148|11|122|100|84|9|33|150|140|80|170|22|32|232|88|125|247|56|71|61|95|225|118|39|248|226|35|23|124|231|165|152|251|17|4|0|68|73|146|99|145|50|66|120|27|127|189|93|37",
    "allow_negative_coefficients=1",
    "solver_name=executable",
    "executable_binary=/home/bbarbe/exe/kissat",
    "min_num_adders=2",
    "max_num_adders=2",
    "allow_coefficient_sign_inversion=2"
  ],
  "returncode": -9,
  "satcmm_duration_seconds": 600.1017015995458,
  "analyzer_duration_seconds": 0.013840542174875736,
  "mux_cost": 76,
  "adder_graph_found": true,
  "killed_by_timeout": true
}