{
  "targets": "102|111|28|49|20|44|100|57|73|8|105|104|119|84|92|21|54|35|12|99|47|60|14|116|50|124|42|16|39|0|46|22",
  "satcmm_args": [
    "/home/bbarbe/exe/satcmm",
    "102|111|28|49|20|44|100|57|73|8|105|104|119|84|92|21|54|35|12|99|47|60|14|116|50|124|42|16|39|0|46|22",
    "allow_negative_coefficients=1",
    "solver_name=executable",
    "executable_binary=/home/bbarbe/exe/kissat",
    "min_num_adders=2",
    "max_num_adders=2",
    "allow_coefficient_sign_inversion=2"
  ],
  "returncode": -9,
  "satcmm_duration_seconds": 600.1024802103639,
  "analyzer_duration_seconds": 0.012765810824930668,
  "mux_cost": 9,
  "adder_graph_found": true,
  "killed_by_timeout": true
}