{
  "targets": "524|242|776|315|444|10|1006|136|96|478|656|578|192|81|480|880",
  "satcmm_args": [
    "/home/bbarbe/exe/satcmm",
    "524|242|776|315|444|10|1006|136|96|478|656|578|192|81|480|880",
    "allow_negative_coefficients=1",
    "solver_name=executable",
    "executable_binary=/home/bbarbe/exe/kissat",
    "min_num_adders=2",
    "max_num_adders=2",
    "allow_coefficient_sign_inversion=2",
    "timeout=300"
  ],
  "returncode": 0,
  "satcmm_duration_seconds": 593.191454173997,
  "analyzer_duration_seconds": 0.011365411803126335,
  "mux_cost": 9,
  "adder_graph_found": true
}