{
  "targets": "2565|248|961|1799|2559|2040|1029|2340|1120|36|868|900|3696|1092|65|2055",
  "satcmm_args": [
    "/home/bbarbe/exe/satcmm",
    "2565|248|961|1799|2559|2040|1029|2340|1120|36|868|900|3696|1092|65|2055",
    "allow_negative_coefficients=1",
    "solver_name=executable",
    "executable_binary=/home/bbarbe/exe/kissat",
    "min_num_adders=2",
    "max_num_adders=2",
    "allow_coefficient_sign_inversion=2",
    "timeout=300"
  ],
  "returncode": 0,
  "satcmm_duration_seconds": 187.87164090853184,
  "analyzer_duration_seconds": 0.011308898217976093,
  "mux_cost": 10,
  "adder_graph_found": true
}