{
  "targets": "122|68|2|78|88|46|99|28|38|104|98|5|59|76|62|65|58|100|29|25|108|66|67|72|120|0|30|22|8|10|35|71",
  "satcmm_args": [
    "/home/bbarbe/exe/satcmm",
    "122|68|2|78|88|46|99|28|38|104|98|5|59|76|62|65|58|100|29|25|108|66|67|72|120|0|30|22|8|10|35|71",
    "allow_negative_coefficients=1",
    "solver_name=executable",
    "executable_binary=/home/bbarbe/exe/kissat",
    "min_num_adders=2",
    "max_num_adders=2",
    "allow_coefficient_sign_inversion=2"
  ],
  "returncode": 0,
  "satcmm_duration_seconds": 405.98585511092097,
  "analyzer_duration_seconds": 0.012592960149049759,
  "mux_cost": 8,
  "adder_graph_found": true,
  "killed_by_timeout": false
}