{
  "targets": "1778|155|260|2816|1528|62|4031|1143|65|2174|1036|488|1086|3712|1280|387",
  "satcmm_args": [
    "/home/bbarbe/exe/satcmm",
    "1778|155|260|2816|1528|62|4031|1143|65|2174|1036|488|1086|3712|1280|387",
    "allow_negative_coefficients=1",
    "solver_name=executable",
    "executable_binary=/home/bbarbe/exe/kissat",
    "min_num_adders=2",
    "max_num_adders=2",
    "allow_coefficient_sign_inversion=2",
    "timeout=300"
  ],
  "returncode": 0,
  "satcmm_duration_seconds": 195.00602237228304,
  "analyzer_duration_seconds": 0.01125201117247343,
  "mux_cost": 10,
  "adder_graph_found": true
}