{
  "targets": "450|519|34|85|945|28|1007|195|744|6|924|93|546|624|134|930",
  "satcmm_args": [
    "/home/bbarbe/exe/satcmm",
    "450|519|34|85|945|28|1007|195|744|6|924|93|546|624|134|930",
    "allow_negative_coefficients=1",
    "solver_name=executable",
    "executable_binary=/home/bbarbe/exe/kissat",
    "min_num_adders=2",
    "max_num_adders=2",
    "allow_coefficient_sign_inversion=2",
    "timeout=300"
  ],
  "returncode": 0,
  "satcmm_duration_seconds": 30.58474664296955,
  "analyzer_duration_seconds": 0.010992166586220264,
  "mux_cost": 9,
  "adder_graph_found": true
}