{
  "targets": "552|90|112|520|585|161|482|895|251|79|268|568|880|239|912|186",
  "satcmm_args": [
    "/home/bbarbe/exe/satcmm",
    "552|90|112|520|585|161|482|895|251|79|268|568|880|239|912|186",
    "allow_negative_coefficients=1",
    "solver_name=executable",
    "executable_binary=/home/bbarbe/exe/kissat",
    "min_num_adders=2",
    "max_num_adders=2",
    "allow_coefficient_sign_inversion=2",
    "timeout=300"
  ],
  "returncode": 0,
  "satcmm_duration_seconds": 48.056354500353336,
  "analyzer_duration_seconds": 0.01121509913355112,
  "mux_cost": 9,
  "adder_graph_found": true
}