{
  "targets": "153|482|638|306|110|67|994|264|1007|223|455|261|1008|138|188|27",
  "satcmm_args": [
    "/home/bbarbe/exe/satcmm",
    "153|482|638|306|110|67|994|264|1007|223|455|261|1008|138|188|27",
    "allow_negative_coefficients=1",
    "solver_name=executable",
    "executable_binary=/home/bbarbe/exe/kissat",
    "min_num_adders=2",
    "max_num_adders=2",
    "allow_coefficient_sign_inversion=2",
    "timeout=300"
  ],
  "returncode": 0,
  "satcmm_duration_seconds": 36.72063741553575,
  "analyzer_duration_seconds": 0.011189835146069527,
  "mux_cost": 9,
  "adder_graph_found": true
}