{
  "targets": "441|584|100|1019|260|892|774|180|289|897|184|540|15|446|546|496",
  "satcmm_args": [
    "/home/bbarbe/exe/satcmm",
    "441|584|100|1019|260|892|774|180|289|897|184|540|15|446|546|496",
    "allow_negative_coefficients=1",
    "solver_name=executable",
    "executable_binary=/home/bbarbe/exe/kissat",
    "min_num_adders=2",
    "max_num_adders=2",
    "allow_coefficient_sign_inversion=2",
    "timeout=300"
  ],
  "returncode": 0,
  "satcmm_duration_seconds": 153.42474201787263,
  "analyzer_duration_seconds": 0.011121160350739956,
  "mux_cost": 9,
  "adder_graph_found": true
}