{
  "targets": "964|385|41|73|58|545|76|996|276|868|497|244|513|270|543|516|105|220|880|441|572|452|656|764|1009|910|928|482|900|279|540|784|552|130|155|284|42|142|508|161|170|261|98|376|488|321|390|104|164|632|256|226|92|630|96|192|120|318|507|11|771|988|78|530",
  "satcmm_args": [
    "/home/bbarbe/exe/satcmm",
    "964|385|41|73|58|545|76|996|276|868|497|244|513|270|543|516|105|220|880|441|572|452|656|764|1009|910|928|482|900|279|540|784|552|130|155|284|42|142|508|161|170|261|98|376|488|321|390|104|164|632|256|226|92|630|96|192|120|318|507|11|771|988|78|530",
    "allow_negative_coefficients=1",
    "solver_name=executable",
    "executable_binary=/home/bbarbe/exe/kissat",
    "min_num_adders=2",
    "max_num_adders=2",
    "allow_coefficient_sign_inversion=2"
  ],
  "returncode": -9,
  "satcmm_duration_seconds": 600.0349028464407,
  "analyzer_duration_seconds": 0.012911424040794373,
  "mux_cost": 31,
  "adder_graph_found": true,
  "killed_by_timeout": true
}