{
  "targets": "196|78|113|108|49|30|150|51|71|82|79|242|210|162|13|72|121|194|40|249|47|95|220|164|180|146|170|15|84|97|55|58|253|241|50|125|17|85|6|38|184|45|36|8|153|122|54|94|118|31|35|76|75|104|88|145|5|252|144|2|195|99|216|28",
  "satcmm_args": [
    "/home/bbarbe/exe/satcmm",
    "196|78|113|108|49|30|150|51|71|82|79|242|210|162|13|72|121|194|40|249|47|95|220|164|180|146|170|15|84|97|55|58|253|241|50|125|17|85|6|38|184|45|36|8|153|122|54|94|118|31|35|76|75|104|88|145|5|252|144|2|195|99|216|28",
    "allow_negative_coefficients=1",
    "solver_name=executable",
    "executable_binary=/home/bbarbe/exe/kissat",
    "min_num_adders=2",
    "max_num_adders=2",
    "allow_coefficient_sign_inversion=2"
  ],
  "returncode": -9,
  "satcmm_duration_seconds": 600.0363389654085,
  "analyzer_duration_seconds": 0.012938265688717365,
  "mux_cost": 21,
  "adder_graph_found": true,
  "killed_by_timeout": true
}