{
  "targets": "11|184|24|21|58|61|189|128|176|78|79|88|64|42|34|180|249|244|76|46|131|18|10|1|7|32|26|2|8|118|84|85|165|127|104|50|208|105|82|135|59|193|108|196|40|159|16|156|164|124|31|119|65|254|226|94|116|114|123|195|145|68|71|190",
  "satcmm_args": [
    "/home/bbarbe/exe/satcmm",
    "11|184|24|21|58|61|189|128|176|78|79|88|64|42|34|180|249|244|76|46|131|18|10|1|7|32|26|2|8|118|84|85|165|127|104|50|208|105|82|135|59|193|108|196|40|159|16|156|164|124|31|119|65|254|226|94|116|114|123|195|145|68|71|190",
    "allow_negative_coefficients=1",
    "solver_name=executable",
    "executable_binary=/home/bbarbe/exe/kissat",
    "min_num_adders=2",
    "max_num_adders=2",
    "allow_coefficient_sign_inversion=2"
  ],
  "returncode": -9,
  "satcmm_duration_seconds": 600.0966696934775,
  "analyzer_duration_seconds": 0.012713025324046612,
  "mux_cost": 20,
  "adder_graph_found": true,
  "killed_by_timeout": true
}