{
  "targets": "136|95|15|176|28|69|58|159|118|47|226|236|24|146|40|21|0|222|180|97|225|123|124|196|75|231|45|112|78|5|57|137|135|39|200|131|38|217|189|61|55|193|113|7|3|188|155|152|51|80|2|250|16|224|170|96|100|20|79|150|68|242|22|70|140|93|35|56|184|62|254|126|153|18|158|228|52|30|88|71|50|160|216|252|128|191|125|241|11|1|251|12|19|32|127|90|244|168|138|142|29|72|60|108|105|6|104|114|198|134|129|143|99|36|49|232|186|63|162|27|66|110|248|133|239|67|33|46",
  "satcmm_args": [
    "/home/bbarbe/exe/satcmm",
    "136|95|15|176|28|69|58|159|118|47|226|236|24|146|40|21|0|222|180|97|225|123|124|196|75|231|45|112|78|5|57|137|135|39|200|131|38|217|189|61|55|193|113|7|3|188|155|152|51|80|2|250|16|224|170|96|100|20|79|150|68|242|22|70|140|93|35|56|184|62|254|126|153|18|158|228|52|30|88|71|50|160|216|252|128|191|125|241|11|1|251|12|19|32|127|90|244|168|138|142|29|72|60|108|105|6|104|114|198|134|129|143|99|36|49|232|186|63|162|27|66|110|248|133|239|67|33|46",
    "allow_negative_coefficients=1",
    "solver_name=executable",
    "executable_binary=/home/bbarbe/exe/kissat",
    "min_num_adders=2",
    "max_num_adders=2",
    "allow_coefficient_sign_inversion=2"
  ],
  "returncode": -9,
  "satcmm_duration_seconds": 600.101457381621,
  "analyzer_duration_seconds": 0.013778835535049438,
  "mux_cost": 80,
  "adder_graph_found": true,
  "killed_by_timeout": true
}