{
  "targets": "98|988|522|650|516|136|156|26|33|572|767|55|328|800|507|1019|449|465|482|400|12|521|894|123|37|760|6|511|176|252|190|105",
  "satcmm_args": [
    "/home/bbarbe/exe/satcmm",
    "98|988|522|650|516|136|156|26|33|572|767|55|328|800|507|1019|449|465|482|400|12|521|894|123|37|760|6|511|176|252|190|105",
    "allow_negative_coefficients=1",
    "solver_name=executable",
    "executable_binary=/home/bbarbe/exe/kissat",
    "min_num_adders=2",
    "max_num_adders=2",
    "allow_coefficient_sign_inversion=2"
  ],
  "returncode": -9,
  "satcmm_duration_seconds": 600.1025956831872,
  "analyzer_duration_seconds": 0.012967756018042564,
  "mux_cost": 13,
  "adder_graph_found": true,
  "killed_by_timeout": true
}