{
  "targets": "318|764|532|1018|450|104|222|984|492|498|49|259|126|220|650|148",
  "satcmm_args": [
    "/home/bbarbe/exe/satcmm",
    "318|764|532|1018|450|104|222|984|492|498|49|259|126|220|650|148",
    "allow_negative_coefficients=1",
    "solver_name=executable",
    "executable_binary=/home/bbarbe/exe/kissat",
    "min_num_adders=2",
    "max_num_adders=2",
    "allow_coefficient_sign_inversion=2",
    "timeout=300"
  ],
  "returncode": 0,
  "satcmm_duration_seconds": 42.73253840114921,
  "analyzer_duration_seconds": 0.011130069382488728,
  "mux_cost": 8,
  "adder_graph_found": true
}