{
  "targets": "2544|2041|118|900|27|896|142|36|44|1170|3060|3580|1792|386|392|3056|620|51|1736|1143|1320|3008|95|2042|400|543|462|3264|93|630|296|552",
  "satcmm_args": [
    "/home/bbarbe/exe/satcmm",
    "2544|2041|118|900|27|896|142|36|44|1170|3060|3580|1792|386|392|3056|620|51|1736|1143|1320|3008|95|2042|400|543|462|3264|93|630|296|552",
    "allow_negative_coefficients=1",
    "solver_name=executable",
    "executable_binary=/home/bbarbe/exe/kissat",
    "min_num_adders=2",
    "max_num_adders=2",
    "allow_coefficient_sign_inversion=2"
  ],
  "returncode": 1,
  "satcmm_duration_seconds": 331.3793204398826,
  "analyzer_duration_seconds": 0.012716016732156277,
  "mux_cost": 15,
  "adder_graph_found": true,
  "killed_by_timeout": false
}