{
  "targets": "254|226|24|190|225|25|58|239|184|19|238|90|102|156|41|22|35|165|196|34|27|17|253|252|38|250|99|130|39|33|228|176|159|11|92|128|42|49|54|236|248|191|13|146|12|88|97|124|198|66|216|51|73|44|242|255|16|240|15|85|84|129|223|150|224|18|75|144|153|232|192|194|78|168|186|122|113|108|125|133|46|79|76|118|40|10|134|57|0|200|231|82|48|59|121|21|70|161|131|220|31|4|158|132|30|247|14|9|64|140|74|56|81|3|244|67|195|28|100|204|104|52|50|72|80|170|123|110",
  "satcmm_args": [
    "/home/bbarbe/exe/satcmm",
    "254|226|24|190|225|25|58|239|184|19|238|90|102|156|41|22|35|165|196|34|27|17|253|252|38|250|99|130|39|33|228|176|159|11|92|128|42|49|54|236|248|191|13|146|12|88|97|124|198|66|216|51|73|44|242|255|16|240|15|85|84|129|223|150|224|18|75|144|153|232|192|194|78|168|186|122|113|108|125|133|46|79|76|118|40|10|134|57|0|200|231|82|48|59|121|21|70|161|131|220|31|4|158|132|30|247|14|9|64|140|74|56|81|3|244|67|195|28|100|204|104|52|50|72|80|170|123|110",
    "allow_negative_coefficients=1",
    "solver_name=executable",
    "executable_binary=/home/bbarbe/exe/kissat",
    "min_num_adders=2",
    "max_num_adders=2",
    "allow_coefficient_sign_inversion=2"
  ],
  "returncode": -9,
  "satcmm_duration_seconds": 600.0978529965505,
  "analyzer_duration_seconds": 0.013653041794896126,
  "mux_cost": 56,
  "adder_graph_found": true,
  "killed_by_timeout": true
}