{
  "targets": "55|2|8|42|24|48|15|44|22|13|28|31|9|29|14|19|54|3|16|49|47|61|56|1|6|25|40|4|33|46|50|51",
  "satcmm_args": [
    "/home/bbarbe/exe/satcmm",
    "55|2|8|42|24|48|15|44|22|13|28|31|9|29|14|19|54|3|16|49|47|61|56|1|6|25|40|4|33|46|50|51",
    "allow_negative_coefficients=1",
    "solver_name=executable",
    "executable_binary=/home/bbarbe/exe/kissat",
    "min_num_adders=2",
    "max_num_adders=2",
    "allow_coefficient_sign_inversion=2"
  ],
  "returncode": 0,
  "satcmm_duration_seconds": 306.91994016990066,
  "analyzer_duration_seconds": 0.012326270341873169,
  "mux_cost": 6,
  "adder_graph_found": true,
  "killed_by_timeout": false
}