{
  "targets": "288|600|958|252|143|224|996|452|324|258|159|513|124|720|776|592",
  "satcmm_args": [
    "/home/bbarbe/exe/satcmm",
    "288|600|958|252|143|224|996|452|324|258|159|513|124|720|776|592",
    "allow_negative_coefficients=1",
    "solver_name=executable",
    "executable_binary=/home/bbarbe/exe/kissat",
    "min_num_adders=2",
    "max_num_adders=2",
    "allow_coefficient_sign_inversion=2",
    "timeout=300"
  ],
  "returncode": 0,
  "satcmm_duration_seconds": 104.06328891310841,
  "analyzer_duration_seconds": 0.011401861906051636,
  "mux_cost": 8,
  "adder_graph_found": true
}