{
  "runs": 100,
  "avg_satcmm_runtime_seconds": 1.9962389485538006,
  "avg_analyzer_runtime_seconds": 0.010875372095033526,
  "avg_mux_cost": 3.96
}