{
  "targets": "208|60|1760|1980|2320|4030|3264|16|39|2976|289|1890|760|132|2210|648",
  "satcmm_args": [
    "/home/bbarbe/exe/satcmm",
    "208|60|1760|1980|2320|4030|3264|16|39|2976|289|1890|760|132|2210|648",
    "allow_negative_coefficients=1",
    "solver_name=executable",
    "executable_binary=/home/bbarbe/exe/kissat",
    "min_num_adders=2",
    "max_num_adders=2",
    "allow_coefficient_sign_inversion=2",
    "timeout=300"
  ],
  "returncode": 0,
  "satcmm_duration_seconds": 201.78113769367337,
  "analyzer_duration_seconds": 0.011426308192312717,
  "mux_cost": 8,
  "adder_graph_found": true
}