{
  "targets": "2052|210|868|3967|1041|143|2565|4084|504|1888|84|4072|968|993|3976|223|612|516|96|1539|2|136|3456|1168|17|1290|95|540|1264|264|498|2088|2064|3870|1796|481|82|928|315|280|1544|3591|2142|15|1528|478|328|2306|238|1320|2816|648|528|552|450|1006|2268|4064|1799|73|2308|110|641|517|3328|286|125|1408|3848|1153|3598|1092|1856|962|514|386|3264|3968|4065|1034|4016|198|1680|255|190|508|446|3074|1982|3584|35|38|2159|276|672|4095|1600|639|79|135|3583|131|1542|2053|228|1224|1057|51|1152|3582|64|4056|497|420|387|249|449|3585|396|2174|500|792|204|585|400|324|180|2057",
  "satcmm_args": [
    "/home/bbarbe/exe/satcmm",
    "2052|210|868|3967|1041|143|2565|4084|504|1888|84|4072|968|993|3976|223|612|516|96|1539|2|136|3456|1168|17|1290|95|540|1264|264|498|2088|2064|3870|1796|481|82|928|315|280|1544|3591|2142|15|1528|478|328|2306|238|1320|2816|648|528|552|450|1006|2268|4064|1799|73|2308|110|641|517|3328|286|125|1408|3848|1153|3598|1092|1856|962|514|386|3264|3968|4065|1034|4016|198|1680|255|190|508|446|3074|1982|3584|35|38|2159|276|672|4095|1600|639|79|135|3583|131|1542|2053|228|1224|1057|51|1152|3582|64|4056|497|420|387|249|449|3585|396|2174|500|792|204|585|400|324|180|2057",
    "allow_negative_coefficients=1",
    "solver_name=executable",
    "executable_binary=/home/bbarbe/exe/kissat",
    "min_num_adders=2",
    "max_num_adders=2",
    "allow_coefficient_sign_inversion=2"
  ],
  "returncode": -9,
  "satcmm_duration_seconds": 600.1043055094779,
  "analyzer_duration_seconds": 0.01387450098991394,
  "mux_cost": 77,
  "adder_graph_found": true,
  "killed_by_timeout": true
}