{
  "targets": "63|57|4|60|62|47|54|23|3|30|35|37|42|49|21|13|12|56|51|26|6|18|38|27|22|45|59|28|11|40|16|36",
  "satcmm_args": [
    "/home/bbarbe/exe/satcmm",
    "63|57|4|60|62|47|54|23|3|30|35|37|42|49|21|13|12|56|51|26|6|18|38|27|22|45|59|28|11|40|16|36",
    "allow_negative_coefficients=1",
    "solver_name=executable",
    "executable_binary=/home/bbarbe/exe/kissat",
    "min_num_adders=2",
    "max_num_adders=2",
    "allow_coefficient_sign_inversion=2"
  ],
  "returncode": -9,
  "satcmm_duration_seconds": 600.1021200912073,
  "analyzer_duration_seconds": 0.012705901637673378,
  "mux_cost": 7,
  "adder_graph_found": true,
  "killed_by_timeout": true
}