{
  "targets": "129|289|575|1010|51|585|55|10|1015|198|2|124|4|910|228|328|223|897|500|270|495|993|450|1020|882|68|383|59|191|736|1018|532|34|73|122|11|142|545|964|945|250|255|574|888|162|636|640|196|189|864|392|503|264|260|390|522|462|259|296|560|31|378|286|85|546|352|513|99|126|635|40|544|527|231|912|396|268|368|464|656|156|767|54|900|1012|14|1000|322|276|528|516|1021|28|97|641|118|768|507|800|222|506|17|420|316|47|113|161|386|274|30|287|479|272|244|784|144|1009|868|135|266|481|1004|340|6|704|81|441|502",
  "satcmm_args": [
    "/home/bbarbe/exe/satcmm",
    "129|289|575|1010|51|585|55|10|1015|198|2|124|4|910|228|328|223|897|500|270|495|993|450|1020|882|68|383|59|191|736|1018|532|34|73|122|11|142|545|964|945|250|255|574|888|162|636|640|196|189|864|392|503|264|260|390|522|462|259|296|560|31|378|286|85|546|352|513|99|126|635|40|544|527|231|912|396|268|368|464|656|156|767|54|900|1012|14|1000|322|276|528|516|1021|28|97|641|118|768|507|800|222|506|17|420|316|47|113|161|386|274|30|287|479|272|244|784|144|1009|868|135|266|481|1004|340|6|704|81|441|502",
    "allow_negative_coefficients=1",
    "solver_name=executable",
    "executable_binary=/home/bbarbe/exe/kissat",
    "min_num_adders=2",
    "max_num_adders=2",
    "allow_coefficient_sign_inversion=2"
  ],
  "returncode": -9,
  "satcmm_duration_seconds": 600.1015560459346,
  "analyzer_duration_seconds": 0.012901922687888145,
  "mux_cost": 61,
  "adder_graph_found": true,
  "killed_by_timeout": true
}