{
  "targets": "3|79|225|162|114|42|128|156|35|12|148|58|25|72|44|146|13|94|239|5|99|112|4|73|10|130|113|247|74|7|0|248|186|82|241|98|54|210|204|168|59|223|65|22|102|51|62|23|110|236|226|67|34|84|193|180|57|105|120|165|194|220|119|196|125|244|71|38|56|28|224|26|238|46|161|24|143|95|216|137|122|41|135|249|40|92|78|108|136|93|64|129|50|134|2|100|118|27|21|39|133|75|30|111|121|159|55|127|170|228|90|17|20|189|153|217|60|9|250|150|61|198|70|48|47|123|140|52",
  "satcmm_args": [
    "/home/bbarbe/exe/satcmm",
    "3|79|225|162|114|42|128|156|35|12|148|58|25|72|44|146|13|94|239|5|99|112|4|73|10|130|113|247|74|7|0|248|186|82|241|98|54|210|204|168|59|223|65|22|102|51|62|23|110|236|226|67|34|84|193|180|57|105|120|165|194|220|119|196|125|244|71|38|56|28|224|26|238|46|161|24|143|95|216|137|122|41|135|249|40|92|78|108|136|93|64|129|50|134|2|100|118|27|21|39|133|75|30|111|121|159|55|127|170|228|90|17|20|189|153|217|60|9|250|150|61|198|70|48|47|123|140|52",
    "allow_negative_coefficients=1",
    "solver_name=executable",
    "executable_binary=/home/bbarbe/exe/kissat",
    "min_num_adders=2",
    "max_num_adders=2",
    "allow_coefficient_sign_inversion=2"
  ],
  "returncode": -9,
  "satcmm_duration_seconds": 600.1001482298598,
  "analyzer_duration_seconds": 0.013867129571735859,
  "mux_cost": 59,
  "adder_graph_found": true,
  "killed_by_timeout": true
}