{
  "targets": "3840|2558|4084|4016|4036|381|1728|292|4081|1055|774|3966|52|4065|1919|449|105|63|503|387|1028|315|3570|310|1785|4072|3456|290|1270|4076|75|536|143|455|4079|74|672|1264|1216|961|528|36|3900|4092|3200|1105|447|800|94|265|8|2116|150|502|1024|656|2088|2448|3120|3824|500|956|1150|988|518|236|585|868|576|155|4086|93|993|3048|4068|224|1080|2210|19|575|2062|450|3168|4030|2368|2306|78|2944|191|1060|284|1533|2268|164|1048|2592|1988|519|1552|184|1148|330|113|1087|161|82|2|3072|765|3328|1033|636|1632|3060|274|2192|784|898|3136|3582|526|544|1168|1799|780|1408|514|1860",
  "satcmm_args": [
    "/home/bbarbe/exe/satcmm",
    "3840|2558|4084|4016|4036|381|1728|292|4081|1055|774|3966|52|4065|1919|449|105|63|503|387|1028|315|3570|310|1785|4072|3456|290|1270|4076|75|536|143|455|4079|74|672|1264|1216|961|528|36|3900|4092|3200|1105|447|800|94|265|8|2116|150|502|1024|656|2088|2448|3120|3824|500|956|1150|988|518|236|585|868|576|155|4086|93|993|3048|4068|224|1080|2210|19|575|2062|450|3168|4030|2368|2306|78|2944|191|1060|284|1533|2268|164|1048|2592|1988|519|1552|184|1148|330|113|1087|161|82|2|3072|765|3328|1033|636|1632|3060|274|2192|784|898|3136|3582|526|544|1168|1799|780|1408|514|1860",
    "allow_negative_coefficients=1",
    "solver_name=executable",
    "executable_binary=/home/bbarbe/exe/kissat",
    "min_num_adders=2",
    "max_num_adders=2",
    "allow_coefficient_sign_inversion=2"
  ],
  "returncode": -9,
  "satcmm_duration_seconds": 600.1045342115685,
  "analyzer_duration_seconds": 0.014088010415434837,
  "mux_cost": 79,
  "adder_graph_found": true,
  "killed_by_timeout": true
}