{
  "targets": "1016|991|296|128|521|328|249|78|960|536|129|672|58|532|506|29",
  "satcmm_args": [
    "/home/bbarbe/exe/satcmm",
    "1016|991|296|128|521|328|249|78|960|536|129|672|58|532|506|29",
    "allow_negative_coefficients=1",
    "solver_name=executable",
    "executable_binary=/home/bbarbe/exe/kissat",
    "min_num_adders=2",
    "max_num_adders=2",
    "allow_coefficient_sign_inversion=2",
    "timeout=300"
  ],
  "returncode": 0,
  "satcmm_duration_seconds": 77.88263375870883,
  "analyzer_duration_seconds": 0.01124488189816475,
  "mux_cost": 8,
  "adder_graph_found": true
}