{
  "targets": "71|768|420|472|382|130|880|84|252|894|324|165|767|994|88|396",
  "satcmm_args": [
    "/home/bbarbe/exe/satcmm",
    "71|768|420|472|382|130|880|84|252|894|324|165|767|994|88|396",
    "allow_negative_coefficients=1",
    "solver_name=executable",
    "executable_binary=/home/bbarbe/exe/kissat",
    "min_num_adders=2",
    "max_num_adders=2",
    "allow_coefficient_sign_inversion=2",
    "timeout=300"
  ],
  "returncode": 0,
  "satcmm_duration_seconds": 64.42442382965237,
  "analyzer_duration_seconds": 0.011331243440508842,
  "mux_cost": 9,
  "adder_graph_found": true
}