{
  "targets": "63|17|127|180|372|1240|522|2078|4072|3520|316|46|1161|764|2288|1533",
  "satcmm_args": [
    "/home/bbarbe/exe/satcmm",
    "63|17|127|180|372|1240|522|2078|4072|3520|316|46|1161|764|2288|1533",
    "allow_negative_coefficients=1",
    "solver_name=executable",
    "executable_binary=/home/bbarbe/exe/kissat",
    "min_num_adders=2",
    "max_num_adders=2",
    "allow_coefficient_sign_inversion=2",
    "timeout=300"
  ],
  "returncode": 0,
  "satcmm_duration_seconds": 78.16345774102956,
  "analyzer_duration_seconds": 0.011007080785930157,
  "mux_cost": 10,
  "adder_graph_found": true
}