{
  "targets": "137|447|529|306|204|228|272|318|72|577|620|193|390|36|255|892",
  "satcmm_args": [
    "/home/bbarbe/exe/satcmm",
    "137|447|529|306|204|228|272|318|72|577|620|193|390|36|255|892",
    "allow_negative_coefficients=1",
    "solver_name=executable",
    "executable_binary=/home/bbarbe/exe/kissat",
    "min_num_adders=2",
    "max_num_adders=2",
    "allow_coefficient_sign_inversion=2",
    "timeout=300"
  ],
  "returncode": 0,
  "satcmm_duration_seconds": 130.79087535850704,
  "analyzer_duration_seconds": 0.011279154568910599,
  "mux_cost": 8,
  "adder_graph_found": true
}