{
  "targets": "42|32|122|37|114|16|228|14|50|84|135|231|186|119|142|26|160|33|11|159|98|3|55|35|225|130|76|188|95|12|162|81",
  "satcmm_args": [
    "/home/bbarbe/exe/satcmm",
    "42|32|122|37|114|16|228|14|50|84|135|231|186|119|142|26|160|33|11|159|98|3|55|35|225|130|76|188|95|12|162|81",
    "allow_negative_coefficients=1",
    "solver_name=executable",
    "executable_binary=/home/bbarbe/exe/kissat",
    "min_num_adders=2",
    "max_num_adders=2",
    "allow_coefficient_sign_inversion=2"
  ],
  "returncode": 0,
  "satcmm_duration_seconds": 61.927601182833314,
  "analyzer_duration_seconds": 0.01273854449391365,
  "mux_cost": 15,
  "adder_graph_found": true,
  "killed_by_timeout": false
}