{
  "targets": "279|65|558|321|84|160|767|94|530|254|315|144|498|105|330|515|481|9|132|153|59|385|50|170|66|502|1008|992|448|516|250|512",
  "satcmm_args": [
    "/home/bbarbe/exe/satcmm",
    "279|65|558|321|84|160|767|94|530|254|315|144|498|105|330|515|481|9|132|153|59|385|50|170|66|502|1008|992|448|516|250|512",
    "allow_negative_coefficients=1",
    "solver_name=executable",
    "executable_binary=/home/bbarbe/exe/kissat",
    "min_num_adders=2",
    "max_num_adders=2",
    "allow_coefficient_sign_inversion=2"
  ],
  "returncode": -9,
  "satcmm_duration_seconds": 600.1023000096902,
  "analyzer_duration_seconds": 0.012780587188899517,
  "mux_cost": 11,
  "adder_graph_found": true,
  "killed_by_timeout": true
}