{
  "targets": "145|2296|1776|2976|244|3984|3856|484|2030|2041|249|3972|1905|76|1072|771",
  "satcmm_args": [
    "/home/bbarbe/exe/satcmm",
    "145|2296|1776|2976|244|3984|3856|484|2030|2041|249|3972|1905|76|1072|771",
    "allow_negative_coefficients=1",
    "solver_name=executable",
    "executable_binary=/home/bbarbe/exe/kissat",
    "min_num_adders=2",
    "max_num_adders=2",
    "allow_coefficient_sign_inversion=2",
    "timeout=300"
  ],
  "returncode": 0,
  "satcmm_duration_seconds": 75.60600010398775,
  "analyzer_duration_seconds": 0.011440490372478962,
  "mux_cost": 10,
  "adder_graph_found": true
}