{
  "targets": "3780|2160|1808|3580|4048|64|4036|450|12|1904|992|1088|960|13|720|158",
  "satcmm_args": [
    "/home/bbarbe/exe/satcmm",
    "3780|2160|1808|3580|4048|64|4036|450|12|1904|992|1088|960|13|720|158",
    "allow_negative_coefficients=1",
    "solver_name=executable",
    "executable_binary=/home/bbarbe/exe/kissat",
    "min_num_adders=2",
    "max_num_adders=2",
    "allow_coefficient_sign_inversion=2",
    "timeout=300"
  ],
  "returncode": 0,
  "satcmm_duration_seconds": 361.2112663798034,
  "analyzer_duration_seconds": 0.011566820554435253,
  "mux_cost": 8,
  "adder_graph_found": true
}