{
  "targets": "131|196|130|260|594|952|770|4|40|416|145|254|247|284|772|263",
  "satcmm_args": [
    "/home/bbarbe/exe/satcmm",
    "131|196|130|260|594|952|770|4|40|416|145|254|247|284|772|263",
    "allow_negative_coefficients=1",
    "solver_name=executable",
    "executable_binary=/home/bbarbe/exe/kissat",
    "min_num_adders=2",
    "max_num_adders=2",
    "allow_coefficient_sign_inversion=2",
    "timeout=300"
  ],
  "returncode": 0,
  "satcmm_duration_seconds": 66.99382876977324,
  "analyzer_duration_seconds": 0.011243946850299835,
  "mux_cost": 8,
  "adder_graph_found": true
}