{
  "targets": "168|55|180|247|25|61|158|255|138|65|49|31|3|110|189|249|11|39|96|50|217|126|165|160|19|145|131|44|84|36|80|129|130|193|54|104|58|152|159|112|40|16|226|68|69|63|136|231|88|42|228|121|75|8|119|1|33|223|188|98|122|114|60|38",
  "satcmm_args": [
    "/home/bbarbe/exe/satcmm",
    "168|55|180|247|25|61|158|255|138|65|49|31|3|110|189|249|11|39|96|50|217|126|165|160|19|145|131|44|84|36|80|129|130|193|54|104|58|152|159|112|40|16|226|68|69|63|136|231|88|42|228|121|75|8|119|1|33|223|188|98|122|114|60|38",
    "allow_negative_coefficients=1",
    "solver_name=executable",
    "executable_binary=/home/bbarbe/exe/kissat",
    "min_num_adders=2",
    "max_num_adders=2",
    "allow_coefficient_sign_inversion=2"
  ],
  "returncode": -9,
  "satcmm_duration_seconds": 600.1040134485811,
  "analyzer_duration_seconds": 0.013011831790208817,
  "mux_cost": 23,
  "adder_graph_found": true,
  "killed_by_timeout": true
}