{
  "targets": "300|506|2159|543|1264|432|3968|35|4095|1184|255|552|2008|2240|897|3073",
  "satcmm_args": [
    "/home/bbarbe/exe/satcmm",
    "300|506|2159|543|1264|432|3968|35|4095|1184|255|552|2008|2240|897|3073",
    "allow_negative_coefficients=1",
    "solver_name=executable",
    "executable_binary=/home/bbarbe/exe/kissat",
    "min_num_adders=2",
    "max_num_adders=2",
    "allow_coefficient_sign_inversion=2",
    "timeout=300"
  ],
  "returncode": 0,
  "satcmm_duration_seconds": 1102.7171643935144,
  "analyzer_duration_seconds": 0.011427308432757854,
  "mux_cost": 10,
  "adder_graph_found": true
}