{
  "targets": "2054|574|561|495|975|2320|516|1984|3|592|260|1240|24|111|3872|408",
  "satcmm_args": [
    "/home/bbarbe/exe/satcmm",
    "2054|574|561|495|975|2320|516|1984|3|592|260|1240|24|111|3872|408",
    "allow_negative_coefficients=1",
    "solver_name=executable",
    "executable_binary=/home/bbarbe/exe/kissat",
    "min_num_adders=2",
    "max_num_adders=2",
    "allow_coefficient_sign_inversion=2",
    "timeout=300"
  ],
  "returncode": 0,
  "satcmm_duration_seconds": 784.4896453451365,
  "analyzer_duration_seconds": 0.011248262599110603,
  "mux_cost": 10,
  "adder_graph_found": true
}