{
  "targets": "15|200|112|3|193|108|238|191|134|220|74|73|232|240|35|25|198|223|11|24|247|39|146|88|132|32|249|164|61|82|239|128",
  "satcmm_args": [
    "/home/bbarbe/exe/satcmm",
    "15|200|112|3|193|108|238|191|134|220|74|73|232|240|35|25|198|223|11|24|247|39|146|88|132|32|249|164|61|82|239|128",
    "allow_negative_coefficients=1",
    "solver_name=executable",
    "executable_binary=/home/bbarbe/exe/kissat",
    "min_num_adders=2",
    "max_num_adders=2",
    "allow_coefficient_sign_inversion=2"
  ],
  "returncode": 0,
  "satcmm_duration_seconds": 565.6740676872432,
  "analyzer_duration_seconds": 0.012973691336810589,
  "mux_cost": 9,
  "adder_graph_found": true,
  "killed_by_timeout": false
}