{
  "targets": "31|61|94|81|66|76|64|108|6|63|28|21|48|114|49|111|44|92|8|93|124|42|11|14|116|100|75|29|40|74|52|90",
  "satcmm_args": [
    "/home/bbarbe/exe/satcmm",
    "31|61|94|81|66|76|64|108|6|63|28|21|48|114|49|111|44|92|8|93|124|42|11|14|116|100|75|29|40|74|52|90",
    "allow_negative_coefficients=1",
    "solver_name=executable",
    "executable_binary=/home/bbarbe/exe/kissat",
    "min_num_adders=2",
    "max_num_adders=2",
    "allow_coefficient_sign_inversion=2"
  ],
  "returncode": 0,
  "satcmm_duration_seconds": 258.7261126190424,
  "analyzer_duration_seconds": 0.012272610329091549,
  "mux_cost": 7,
  "adder_graph_found": true,
  "killed_by_timeout": false
}