{
  "targets": "1116|2180|49|4079|162|4060|4064|2000|128|1600|2540|624|1312|4090|195|1950",
  "satcmm_args": [
    "/home/bbarbe/exe/satcmm",
    "1116|2180|49|4079|162|4060|4064|2000|128|1600|2540|624|1312|4090|195|1950",
    "allow_negative_coefficients=1",
    "solver_name=executable",
    "executable_binary=/home/bbarbe/exe/kissat",
    "min_num_adders=2",
    "max_num_adders=2",
    "allow_coefficient_sign_inversion=2",
    "timeout=300"
  ],
  "returncode": 0,
  "satcmm_duration_seconds": 146.16920976433903,
  "analyzer_duration_seconds": 0.01131574995815754,
  "mux_cost": 10,
  "adder_graph_found": true
}