{
  "targets": "71|18|102|165|194|42|26|19|153|180|108|120|111|144|35|164",
  "satcmm_args": [
    "/home/bbarbe/exe/satcmm",
    "71|18|102|165|194|42|26|19|153|180|108|120|111|144|35|164",
    "allow_negative_coefficients=1",
    "solver_name=executable",
    "executable_binary=/home/bbarbe/exe/kissat",
    "min_num_adders=2",
    "max_num_adders=2",
    "allow_coefficient_sign_inversion=2",
    "timeout=300"
  ],
  "returncode": 0,
  "satcmm_duration_seconds": 97.93297227472067,
  "analyzer_duration_seconds": 0.011036728508770466,
  "mux_cost": 7,
  "adder_graph_found": true
}