{
  "targets": "420|58|509|390|88|46|162|63|1017|188|259|380|624|895|462|472",
  "satcmm_args": [
    "/home/bbarbe/exe/satcmm",
    "420|58|509|390|88|46|162|63|1017|188|259|380|624|895|462|472",
    "allow_negative_coefficients=1",
    "solver_name=executable",
    "executable_binary=/home/bbarbe/exe/kissat",
    "min_num_adders=2",
    "max_num_adders=2",
    "allow_coefficient_sign_inversion=2",
    "timeout=300"
  ],
  "returncode": 0,
  "satcmm_duration_seconds": 37.74020657874644,
  "analyzer_duration_seconds": 0.01148900669068098,
  "mux_cost": 10,
  "adder_graph_found": true
}