{
  "targets": "290|630|52|296|318|136|15|585|495|100|196|1004|432|70|3|25",
  "satcmm_args": [
    "/home/bbarbe/exe/satcmm",
    "290|630|52|296|318|136|15|585|495|100|196|1004|432|70|3|25",
    "allow_negative_coefficients=1",
    "solver_name=executable",
    "executable_binary=/home/bbarbe/exe/kissat",
    "min_num_adders=2",
    "max_num_adders=2",
    "allow_coefficient_sign_inversion=2",
    "timeout=300"
  ],
  "returncode": 0,
  "satcmm_duration_seconds": 145.16966890357435,
  "analyzer_duration_seconds": 0.011416987515985966,
  "mux_cost": 9,
  "adder_graph_found": true
}