{
  "targets": "23|21|58|14|51|11|37|56|19|4|40|46|27|55|12|13|15|49|57|41|9|0|44|45|50|22|42|24|2|34|63|48",
  "satcmm_args": [
    "/home/bbarbe/exe/satcmm",
    "23|21|58|14|51|11|37|56|19|4|40|46|27|55|12|13|15|49|57|41|9|0|44|45|50|22|42|24|2|34|63|48",
    "allow_negative_coefficients=1",
    "solver_name=executable",
    "executable_binary=/home/bbarbe/exe/kissat",
    "min_num_adders=2",
    "max_num_adders=2",
    "allow_coefficient_sign_inversion=2"
  ],
  "returncode": -6,
  "satcmm_duration_seconds": 15.2723359297961,
  "analyzer_duration_seconds": 0.012699657119810581,
  "mux_cost": 21,
  "adder_graph_found": true,
  "killed_by_timeout": false
}