{
  "targets": "638|495|639|984|769|268|462|762|170|94|771|478|2|18|961|98",
  "satcmm_args": [
    "/home/bbarbe/exe/satcmm",
    "638|495|639|984|769|268|462|762|170|94|771|478|2|18|961|98",
    "allow_negative_coefficients=1",
    "solver_name=executable",
    "executable_binary=/home/bbarbe/exe/kissat",
    "min_num_adders=2",
    "max_num_adders=2",
    "allow_coefficient_sign_inversion=2",
    "timeout=300"
  ],
  "returncode": 0,
  "satcmm_duration_seconds": 74.70017322059721,
  "analyzer_duration_seconds": 0.011378074996173382,
  "mux_cost": 9,
  "adder_graph_found": true
}