{
  "targets": "840|552|52|65|140|194|832|894|526|81|756|184|464|574|1019|527",
  "satcmm_args": [
    "/home/bbarbe/exe/satcmm",
    "840|552|52|65|140|194|832|894|526|81|756|184|464|574|1019|527",
    "allow_negative_coefficients=1",
    "solver_name=executable",
    "executable_binary=/home/bbarbe/exe/kissat",
    "min_num_adders=2",
    "max_num_adders=2",
    "allow_coefficient_sign_inversion=2",
    "timeout=300"
  ],
  "returncode": 0,
  "satcmm_duration_seconds": 81.47799583617598,
  "analyzer_duration_seconds": 0.011436420492827892,
  "mux_cost": 9,
  "adder_graph_found": true
}