{
  "targets": "990|497|216|290|236|47|772|800|318|59|249|1023|912|903|552|945",
  "satcmm_args": [
    "/home/bbarbe/exe/satcmm",
    "990|497|216|290|236|47|772|800|318|59|249|1023|912|903|552|945",
    "allow_negative_coefficients=1",
    "solver_name=executable",
    "executable_binary=/home/bbarbe/exe/kissat",
    "min_num_adders=2",
    "max_num_adders=2",
    "allow_coefficient_sign_inversion=2",
    "timeout=300"
  ],
  "returncode": 0,
  "satcmm_duration_seconds": 50.64009277150035,
  "analyzer_duration_seconds": 0.011542216874659061,
  "mux_cost": 10,
  "adder_graph_found": true
}