{
  "targets": "40|33|100|150|19|92|55|231|97|170|232|5|152|244|164|25|8|73|222|160|36|126|67|114|64|128|216|10|122|134|69|112",
  "satcmm_args": [
    "/home/bbarbe/exe/satcmm",
    "40|33|100|150|19|92|55|231|97|170|232|5|152|244|164|25|8|73|222|160|36|126|67|114|64|128|216|10|122|134|69|112",
    "allow_negative_coefficients=1",
    "solver_name=executable",
    "executable_binary=/home/bbarbe/exe/kissat",
    "min_num_adders=2",
    "max_num_adders=2",
    "allow_coefficient_sign_inversion=2"
  ],
  "returncode": -9,
  "satcmm_duration_seconds": 600.1028172988445,
  "analyzer_duration_seconds": 0.012328334152698517,
  "mux_cost": 10,
  "adder_graph_found": true,
  "killed_by_timeout": true
}