{
  "targets": "66|153|576|111|507|238|472|560|150|766|133|164|134|386|912|124|192|2|1021|382|420|512|889|113|254|650|242|336|284|47|744|196|155|4|248|25|224|864|945|515|208|516|114|642|568|895|146|930|1007|190|764|176|142|225|45|964|479|5|125|577|961|276|55|542|1004|447|792|520|13|320|832|0|612|478|518|268|236|944|48|56|76|310|38|85|768|161|165|888|990|127|898|256|290|1018|121|68|319|630|80|776|273|22|112|246|321|584|376|528|58|315|75|50|544|312|220|61|1008|33|770|20|639|448|892|128|440|636|1009|592",
  "satcmm_args": [
    "/home/bbarbe/exe/satcmm",
    "66|153|576|111|507|238|472|560|150|766|133|164|134|386|912|124|192|2|1021|382|420|512|889|113|254|650|242|336|284|47|744|196|155|4|248|25|224|864|945|515|208|516|114|642|568|895|146|930|1007|190|764|176|142|225|45|964|479|5|125|577|961|276|55|542|1004|447|792|520|13|320|832|0|612|478|518|268|236|944|48|56|76|310|38|85|768|161|165|888|990|127|898|256|290|1018|121|68|319|630|80|776|273|22|112|246|321|584|376|528|58|315|75|50|544|312|220|61|1008|33|770|20|639|448|892|128|440|636|1009|592",
    "allow_negative_coefficients=1",
    "solver_name=executable",
    "executable_binary=/home/bbarbe/exe/kissat",
    "min_num_adders=2",
    "max_num_adders=2",
    "allow_coefficient_sign_inversion=2"
  ],
  "returncode": -9,
  "satcmm_duration_seconds": 600.1028716349974,
  "analyzer_duration_seconds": 0.012947267852723598,
  "mux_cost": 79,
  "adder_graph_found": true,
  "killed_by_timeout": true
}