{
  "targets": "521|776|1568|636|2008|544|1042|1170|37|396|479|184|381|1148|416|478",
  "satcmm_args": [
    "/home/bbarbe/exe/satcmm",
    "521|776|1568|636|2008|544|1042|1170|37|396|479|184|381|1148|416|478",
    "allow_negative_coefficients=1",
    "solver_name=executable",
    "executable_binary=/home/bbarbe/exe/kissat",
    "min_num_adders=2",
    "max_num_adders=2",
    "allow_coefficient_sign_inversion=2",
    "timeout=300"
  ],
  "returncode": 0,
  "satcmm_duration_seconds": 60.18930057995021,
  "analyzer_duration_seconds": 0.011308475397527218,
  "mux_cost": 9,
  "adder_graph_found": true
}