{
  "targets": "392|102|760|16|47|300|244|448|284|194|232|387|268|478|223|63",
  "satcmm_args": [
    "/home/bbarbe/exe/satcmm",
    "392|102|760|16|47|300|244|448|284|194|232|387|268|478|223|63",
    "allow_negative_coefficients=1",
    "solver_name=executable",
    "executable_binary=/home/bbarbe/exe/kissat",
    "min_num_adders=2",
    "max_num_adders=2",
    "allow_coefficient_sign_inversion=2",
    "timeout=300"
  ],
  "returncode": 0,
  "satcmm_duration_seconds": 43.557858685962856,
  "analyzer_duration_seconds": 0.010919375345110893,
  "mux_cost": 8,
  "adder_graph_found": true
}