{
  "targets": "868|3960|440|574|8|180|1544|200|1116|2145|3060|975|1038|736|620|14|3472|3071|3456|168|2024|2565|270|1488|3104|2576|3838|1288|1784|1020|928|33",
  "satcmm_args": [
    "/home/bbarbe/exe/satcmm",
    "868|3960|440|574|8|180|1544|200|1116|2145|3060|975|1038|736|620|14|3472|3071|3456|168|2024|2565|270|1488|3104|2576|3838|1288|1784|1020|928|33",
    "allow_negative_coefficients=1",
    "solver_name=executable",
    "executable_binary=/home/bbarbe/exe/kissat",
    "min_num_adders=2",
    "max_num_adders=2",
    "allow_coefficient_sign_inversion=2"
  ],
  "returncode": -9,
  "satcmm_duration_seconds": 600.1025432804599,
  "analyzer_duration_seconds": 0.012240398675203323,
  "mux_cost": 15,
  "adder_graph_found": true,
  "killed_by_timeout": true
}