{
  "targets": "156|1032|2528|4024|4063|1988|2302|3056|135|1105|1086|984|24|13|188|4079",
  "satcmm_args": [
    "/home/bbarbe/exe/satcmm",
    "156|1032|2528|4024|4063|1988|2302|3056|135|1105|1086|984|24|13|188|4079",
    "allow_negative_coefficients=1",
    "solver_name=executable",
    "executable_binary=/home/bbarbe/exe/kissat",
    "min_num_adders=2",
    "max_num_adders=2",
    "allow_coefficient_sign_inversion=2",
    "timeout=300"
  ],
  "returncode": 0,
  "satcmm_duration_seconds": 128.62133911810815,
  "analyzer_duration_seconds": 0.011150018312036991,
  "mux_cost": 10,
  "adder_graph_found": true
}