{
  "runs": 15,
  "avg_satcmm_runtime_seconds": 479.2165373632063,
  "avg_analyzer_runtime_seconds": 0.012581099569797517,
  "avg_mux_cost": 9.333333333333334,
  "killed_by_timeout": 7
}