{
  "targets": "1824|494|764|4030|270|1020|198|521|75|1086|511|2496|492|5|544|1148",
  "satcmm_args": [
    "/home/bbarbe/exe/satcmm",
    "1824|494|764|4030|270|1020|198|521|75|1086|511|2496|492|5|544|1148",
    "allow_negative_coefficients=1",
    "solver_name=executable",
    "executable_binary=/home/bbarbe/exe/kissat",
    "min_num_adders=2",
    "max_num_adders=2",
    "allow_coefficient_sign_inversion=2",
    "timeout=300"
  ],
  "returncode": 0,
  "satcmm_duration_seconds": 818.0102096525952,
  "analyzer_duration_seconds": 0.01125193852931261,
  "mux_cost": 10,
  "adder_graph_found": true
}