{
  "targets": "228|482|642|1000|930|92|268|100|312|186|10|536|516|208|526|1004",
  "satcmm_args": [
    "/home/bbarbe/exe/satcmm",
    "228|482|642|1000|930|92|268|100|312|186|10|536|516|208|526|1004",
    "allow_negative_coefficients=1",
    "solver_name=executable",
    "executable_binary=/home/bbarbe/exe/kissat",
    "min_num_adders=2",
    "max_num_adders=2",
    "allow_coefficient_sign_inversion=2",
    "timeout=300"
  ],
  "returncode": 0,
  "satcmm_duration_seconds": 116.83330888301134,
  "analyzer_duration_seconds": 0.011174844577908516,
  "mux_cost": 8,
  "adder_graph_found": true
}