{
  "targets": "138|1|242|162|756|193|784|384|964|769|118|180|996|126|360|191|47|988|52|900|889|74|251|68|158|318|259|222|505|521|320|440|12|991|774|271|768|642|543|945|518|896|228|529|502|516|644|636|85|125|408|240|528|635|60|134|22|96|880|542|580|624|261|1004",
  "satcmm_args": [
    "/home/bbarbe/exe/satcmm",
    "138|1|242|162|756|193|784|384|964|769|118|180|996|126|360|191|47|988|52|900|889|74|251|68|158|318|259|222|505|521|320|440|12|991|774|271|768|642|543|945|518|896|228|529|502|516|644|636|85|125|408|240|528|635|60|134|22|96|880|542|580|624|261|1004",
    "allow_negative_coefficients=1",
    "solver_name=executable",
    "executable_binary=/home/bbarbe/exe/kissat",
    "min_num_adders=2",
    "max_num_adders=2",
    "allow_coefficient_sign_inversion=2"
  ],
  "returncode": -9,
  "satcmm_duration_seconds": 600.1036690324545,
  "analyzer_duration_seconds": 0.012765388935804367,
  "mux_cost": 27,
  "adder_graph_found": true,
  "killed_by_timeout": true
}