{
  "targets": "2113|552|336|26|360|1026|4034|930|118|1264|3583|1280|1296|27|2046|522|464|1156|2045|4095|1012|638|194|832|113|396|11|892|44|3552|756|440",
  "satcmm_args": [
    "/home/bbarbe/exe/satcmm",
    "2113|552|336|26|360|1026|4034|930|118|1264|3583|1280|1296|27|2046|522|464|1156|2045|4095|1012|638|194|832|113|396|11|892|44|3552|756|440",
    "allow_negative_coefficients=1",
    "solver_name=executable",
    "executable_binary=/home/bbarbe/exe/kissat",
    "min_num_adders=2",
    "max_num_adders=2",
    "allow_coefficient_sign_inversion=2"
  ],
  "returncode": -9,
  "satcmm_duration_seconds": 600.0047666924074,
  "analyzer_duration_seconds": 0.013026759028434753,
  "mux_cost": 14,
  "adder_graph_found": true,
  "killed_by_timeout": true
}