{
  "targets": "2020|2046|41|71|2570|1116|1030|1032|84|400|63|4076|2210|498|1122|58|2111|2159|3066|382|2340|2108|3844|3075|396|257|352|4094|120|2312|1344|284|264|1015|1953|90|476|129|3078|1824|196|4060|1014|67|1156|993|208|2176|1290|1985|164|516|546|4036|1792|1548|548|2400|3168|217|762|312|2082|2113",
  "satcmm_args": [
    "/home/bbarbe/exe/satcmm",
    "2020|2046|41|71|2570|1116|1030|1032|84|400|63|4076|2210|498|1122|58|2111|2159|3066|382|2340|2108|3844|3075|396|257|352|4094|120|2312|1344|284|264|1015|1953|90|476|129|3078|1824|196|4060|1014|67|1156|993|208|2176|1290|1985|164|516|546|4036|1792|1548|548|2400|3168|217|762|312|2082|2113",
    "allow_negative_coefficients=1",
    "solver_name=executable",
    "executable_binary=/home/bbarbe/exe/kissat",
    "min_num_adders=2",
    "max_num_adders=2",
    "allow_coefficient_sign_inversion=2"
  ],
  "returncode": -9,
  "satcmm_duration_seconds": 600.091557983309,
  "analyzer_duration_seconds": 0.01265169121325016,
  "mux_cost": 37,
  "adder_graph_found": true,
  "killed_by_timeout": true
}