{
  "targets": "1278|1086|40|2568|258|1728|376|75|1200|2048|993|988|1953|497|168|297",
  "satcmm_args": [
    "/home/bbarbe/exe/satcmm",
    "1278|1086|40|2568|258|1728|376|75|1200|2048|993|988|1953|497|168|297",
    "allow_negative_coefficients=1",
    "solver_name=executable",
    "executable_binary=/home/bbarbe/exe/kissat",
    "min_num_adders=2",
    "max_num_adders=2",
    "allow_coefficient_sign_inversion=2",
    "timeout=300"
  ],
  "returncode": 0,
  "satcmm_duration_seconds": 62.97280755080283,
  "analyzer_duration_seconds": 0.011396118439733982,
  "mux_cost": 10,
  "adder_graph_found": true
}