{
  "targets": "2048|228|1275|488|2688|37|195|1904|2052|2544|481|1952|262|1016|137|1004",
  "satcmm_args": [
    "/home/bbarbe/exe/satcmm",
    "2048|228|1275|488|2688|37|195|1904|2052|2544|481|1952|262|1016|137|1004",
    "allow_negative_coefficients=1",
    "solver_name=executable",
    "executable_binary=/home/bbarbe/exe/kissat",
    "min_num_adders=2",
    "max_num_adders=2",
    "allow_coefficient_sign_inversion=2",
    "timeout=300"
  ],
  "returncode": 0,
  "satcmm_duration_seconds": 258.8786140913144,
  "analyzer_duration_seconds": 0.011180173605680466,
  "mux_cost": 10,
  "adder_graph_found": true
}