{
  "targets": "23|61|36|48|7|46|30|6|40|18|34|5|19|21|9|49|17|56|2|0|25|24|58|42|35|37|44|8|33|12|38|26",
  "satcmm_args": [
    "/home/bbarbe/exe/satcmm",
    "23|61|36|48|7|46|30|6|40|18|34|5|19|21|9|49|17|56|2|0|25|24|58|42|35|37|44|8|33|12|38|26",
    "allow_negative_coefficients=1",
    "solver_name=executable",
    "executable_binary=/home/bbarbe/exe/kissat",
    "min_num_adders=2",
    "max_num_adders=2",
    "allow_coefficient_sign_inversion=2"
  ],
  "returncode": 0,
  "satcmm_duration_seconds": 373.8875811127946,
  "analyzer_duration_seconds": 0.012496615760028362,
  "mux_cost": 6,
  "adder_graph_found": true,
  "killed_by_timeout": false
}