{
  "targets": "264|4031|325|548|146|584|1764|2016|3585|1048|903|2296|372|1785|7|6",
  "satcmm_args": [
    "/home/bbarbe/exe/satcmm",
    "264|4031|325|548|146|584|1764|2016|3585|1048|903|2296|372|1785|7|6",
    "allow_negative_coefficients=1",
    "solver_name=executable",
    "executable_binary=/home/bbarbe/exe/kissat",
    "min_num_adders=2",
    "max_num_adders=2",
    "allow_coefficient_sign_inversion=2",
    "timeout=300"
  ],
  "returncode": 0,
  "satcmm_duration_seconds": 260.44864606577903,
  "analyzer_duration_seconds": 0.011426735669374466,
  "mux_cost": 11,
  "adder_graph_found": true
}