{
  "targets": "127|372|112|161|3075|784|2180|3824|516|1016|71|2192|1548|1796|2034|2580",
  "satcmm_args": [
    "/home/bbarbe/exe/satcmm",
    "127|372|112|161|3075|784|2180|3824|516|1016|71|2192|1548|1796|2034|2580",
    "allow_negative_coefficients=1",
    "solver_name=executable",
    "executable_binary=/home/bbarbe/exe/kissat",
    "min_num_adders=2",
    "max_num_adders=2",
    "allow_coefficient_sign_inversion=2",
    "timeout=300"
  ],
  "returncode": 0,
  "satcmm_duration_seconds": 103.46930832229555,
  "analyzer_duration_seconds": 0.011356477625668049,
  "mux_cost": 9,
  "adder_graph_found": true
}