{
  "targets": "250|2568|912|408|3056|1092|519|1240|1096|261|1544|1584|1360|1014|2112|126",
  "satcmm_args": [
    "/home/bbarbe/exe/satcmm",
    "250|2568|912|408|3056|1092|519|1240|1096|261|1544|1584|1360|1014|2112|126",
    "allow_negative_coefficients=1",
    "solver_name=executable",
    "executable_binary=/home/bbarbe/exe/kissat",
    "min_num_adders=2",
    "max_num_adders=2",
    "allow_coefficient_sign_inversion=2",
    "timeout=300"
  ],
  "returncode": 0,
  "satcmm_duration_seconds": 117.39536020345986,
  "analyzer_duration_seconds": 0.011107654310762882,
  "mux_cost": 8,
  "adder_graph_found": true
}