{
  "targets": "99|26|68|1548|961|1044|97|4078|3008|2376|368|585|639|3969|14|2480",
  "satcmm_args": [
    "/home/bbarbe/exe/satcmm",
    "99|26|68|1548|961|1044|97|4078|3008|2376|368|585|639|3969|14|2480",
    "allow_negative_coefficients=1",
    "solver_name=executable",
    "executable_binary=/home/bbarbe/exe/kissat",
    "min_num_adders=2",
    "max_num_adders=2",
    "allow_coefficient_sign_inversion=2",
    "timeout=300"
  ],
  "returncode": 0,
  "satcmm_duration_seconds": 220.50419591832906,
  "analyzer_duration_seconds": 0.011298468336462975,
  "mux_cost": 11,
  "adder_graph_found": true
}