{
  "targets": "239|76|189|217|99|85|93|225|153|236|61|92|176|105|180|144",
  "satcmm_args": [
    "/home/bbarbe/exe/satcmm",
    "239|76|189|217|99|85|93|225|153|236|61|92|176|105|180|144",
    "allow_negative_coefficients=1",
    "solver_name=executable",
    "executable_binary=/home/bbarbe/exe/kissat",
    "min_num_adders=2",
    "max_num_adders=2",
    "allow_coefficient_sign_inversion=2",
    "timeout=300"
  ],
  "returncode": 0,
  "satcmm_duration_seconds": 27.740420006215572,
  "analyzer_duration_seconds": 0.011052657850086689,
  "mux_cost": 7,
  "adder_graph_found": true
}