{
  "targets": "968|4032|594|1760|168|184|515|2592|1808|256|3640|452|1919|1154|4062|4084",
  "satcmm_args": [
    "/home/bbarbe/exe/satcmm",
    "968|4032|594|1760|168|184|515|2592|1808|256|3640|452|1919|1154|4062|4084",
    "allow_negative_coefficients=1",
    "solver_name=executable",
    "executable_binary=/home/bbarbe/exe/kissat",
    "min_num_adders=2",
    "max_num_adders=2",
    "allow_coefficient_sign_inversion=2",
    "timeout=300"
  ],
  "returncode": 0,
  "satcmm_duration_seconds": 83.37551364768296,
  "analyzer_duration_seconds": 0.011603438295423985,
  "mux_cost": 10,
  "adder_graph_found": true
}