{
  "runs": 15,
  "avg_satcmm_runtime_seconds": 600.0890532402942,
  "avg_analyzer_runtime_seconds": 0.012751111636559169,
  "avg_mux_cost": 69.06666666666666,
  "killed_by_timeout": 15
}