{
  "targets": "736|239|72|752|316|494|515|165|434|336|264|95|497|27|964|894",
  "satcmm_args": [
    "/home/bbarbe/exe/satcmm",
    "736|239|72|752|316|494|515|165|434|336|264|95|497|27|964|894",
    "allow_negative_coefficients=1",
    "solver_name=executable",
    "executable_binary=/home/bbarbe/exe/kissat",
    "min_num_adders=2",
    "max_num_adders=2",
    "allow_coefficient_sign_inversion=2",
    "timeout=300"
  ],
  "returncode": 0,
  "satcmm_duration_seconds": 41.782373496331275,
  "analyzer_duration_seconds": 0.011522401124238968,
  "mux_cost": 9,
  "adder_graph_found": true
}