{
  "targets": "310|52|635|33|392|6|164|160|145|49|360|608|186|517|1015|945",
  "satcmm_args": [
    "/home/bbarbe/exe/satcmm",
    "310|52|635|33|392|6|164|160|145|49|360|608|186|517|1015|945",
    "allow_negative_coefficients=1",
    "solver_name=executable",
    "executable_binary=/home/bbarbe/exe/kissat",
    "min_num_adders=2",
    "max_num_adders=2",
    "allow_coefficient_sign_inversion=2",
    "timeout=300"
  ],
  "returncode": 0,
  "satcmm_duration_seconds": 37.48278348520398,
  "analyzer_duration_seconds": 0.011144262738525867,
  "mux_cost": 9,
  "adder_graph_found": true
}