{
  "targets": "129|992|28|480|385|176|256|54|1015|220|224|360|1019|993|536|896",
  "satcmm_args": [
    "/home/bbarbe/exe/satcmm",
    "129|992|28|480|385|176|256|54|1015|220|224|360|1019|993|536|896",
    "allow_negative_coefficients=1",
    "solver_name=executable",
    "executable_binary=/home/bbarbe/exe/kissat",
    "min_num_adders=2",
    "max_num_adders=2",
    "allow_coefficient_sign_inversion=2",
    "timeout=300"
  ],
  "returncode": 0,
  "satcmm_duration_seconds": 62.22738818079233,
  "analyzer_duration_seconds": 0.011348817497491837,
  "mux_cost": 8,
  "adder_graph_found": true
}