{
  "targets": "1504|1058|561|612|336|771|956|2020|2286|1014|256|600|387|135|1054|3808",
  "satcmm_args": [
    "/home/bbarbe/exe/satcmm",
    "1504|1058|561|612|336|771|956|2020|2286|1014|256|600|387|135|1054|3808",
    "allow_negative_coefficients=1",
    "solver_name=executable",
    "executable_binary=/home/bbarbe/exe/kissat",
    "min_num_adders=2",
    "max_num_adders=2",
    "allow_coefficient_sign_inversion=2",
    "timeout=300"
  ],
  "returncode": 0,
  "satcmm_duration_seconds": 55.02110162191093,
  "analyzer_duration_seconds": 0.011189705692231655,
  "mux_cost": 9,
  "adder_graph_found": true
}