{
  "targets": "2041|2168|506|2046|1532|41|2210|584|2304|1792|129|1536|130|325|1539|60|4084|1540|546|63|296|1982|575|73|4092|232|1824|121|2178|2034|1150|2144|1922|2080|3808|536|2976|4036|620|952|3096|4034|2104|1285|290|1188|1014|1275|1520|2055|503|548|993|2028|3856|1784|1890|504|3585|385|4066|1904|408|3066",
  "satcmm_args": [
    "/home/bbarbe/exe/satcmm",
    "2041|2168|506|2046|1532|41|2210|584|2304|1792|129|1536|130|325|1539|60|4084|1540|546|63|296|1982|575|73|4092|232|1824|121|2178|2034|1150|2144|1922|2080|3808|536|2976|4036|620|952|3096|4034|2104|1285|290|1188|1014|1275|1520|2055|503|548|993|2028|3856|1784|1890|504|3585|385|4066|1904|408|3066",
    "allow_negative_coefficients=1",
    "solver_name=executable",
    "executable_binary=/home/bbarbe/exe/kissat",
    "min_num_adders=2",
    "max_num_adders=2",
    "allow_coefficient_sign_inversion=2"
  ],
  "returncode": -9,
  "satcmm_duration_seconds": 600.0458626924083,
  "analyzer_duration_seconds": 0.012953285127878189,
  "mux_cost": 33,
  "adder_graph_found": true,
  "killed_by_timeout": true
}