{
  "targets": "897|3064|3844|35|191|263|21|1170|892|240|996|2576|1092|1922|33|512",
  "satcmm_args": [
    "/home/bbarbe/exe/satcmm",
    "897|3064|3844|35|191|263|21|1170|892|240|996|2576|1092|1922|33|512",
    "allow_negative_coefficients=1",
    "solver_name=executable",
    "executable_binary=/home/bbarbe/exe/kissat",
    "min_num_adders=2",
    "max_num_adders=2",
    "allow_coefficient_sign_inversion=2",
    "timeout=300"
  ],
  "returncode": 0,
  "satcmm_duration_seconds": 3639.155238513835,
  "analyzer_duration_seconds": 0.01145966723561287,
  "mux_cost": 10,
  "adder_graph_found": true
}