{
  "targets": "532|567|204|191|254|496|306|220|222|194|512|20|720|271|928|142|127|420|22|543|65|660|226|766|128|114|97|372|5|594|296|452|765|136|286|384|25|79|645|575|99|88|1018|952|635|7|508|289|256|506|146|288|376|188|273|113|910|574|80|24|45|481|102|494|105|6|75|319|143|304|118|82|265|1012|23|434|897|530|210|160|930|975|444|200|36|232|944|193|892|624|292|924|630|38|70|129|360|61|392|895|600|217|137|521|544|13|74|98|39|577|159|132|548|76|255|1010|73|680|156|4|19|772|527|84|263|67|620|513|236|150|1009|988|259|148|509|133|0|41|93|641|584|26|612|208|762|561|465|648|315|231|100|524|632|744|120|125|1021|276|85|310|768|990|503|545|15|59|976|769|576|239|287|266|2|896|27|1022|18|816|1015|71|131|560|122|10|1000|170|168|529|780|297|252|268|912|90|840|135|250|492|1023|162|1017|92|258|330|540|16|62|21|568|993|396|195|29|262|956|123|184|270|108|244|223|882|387|519|224|464|800|517|760|249|316|241|984|386|189|248|514|462|507|261|416|56|904|3|240|321|502|260|991|770|198|479|585|180|994|112",
  "satcmm_args": [
    "/home/bbarbe/exe/satcmm",
    "532|567|204|191|254|496|306|220|222|194|512|20|720|271|928|142|127|420|22|543|65|660|226|766|128|114|97|372|5|594|296|452|765|136|286|384|25|79|645|575|99|88|1018|952|635|7|508|289|256|506|146|288|376|188|273|113|910|574|80|24|45|481|102|494|105|6|75|319|143|304|118|82|265|1012|23|434|897|530|210|160|930|975|444|200|36|232|944|193|892|624|292|924|630|38|70|129|360|61|392|895|600|217|137|521|544|13|74|98|39|577|159|132|548|76|255|1010|73|680|156|4|19|772|527|84|263|67|620|513|236|150|1009|988|259|148|509|133|0|41|93|641|584|26|612|208|762|561|465|648|315|231|100|524|632|744|120|125|1021|276|85|310|768|990|503|545|15|59|976|769|576|239|287|266|2|896|27|1022|18|816|1015|71|131|560|122|10|1000|170|168|529|780|297|252|268|912|90|840|135|250|492|1023|162|1017|92|258|330|540|16|62|21|568|993|396|195|29|262|956|123|184|270|108|244|223|882|387|519|224|464|800|517|760|249|316|241|984|386|189|248|514|462|507|261|416|56|904|3|240|321|502|260|991|770|198|479|585|180|994|112",
    "allow_negative_coefficients=1",
    "solver_name=executable",
    "executable_binary=/home/bbarbe/exe/kissat",
    "min_num_adders=2",
    "max_num_adders=2",
    "allow_coefficient_sign_inversion=2"
  ],
  "returncode": -9,
  "satcmm_duration_seconds": 600.1075290283188,
  "analyzer_duration_seconds": 0.01482568308711052,
  "mux_cost": 88,
  "adder_graph_found": true,
  "killed_by_timeout": true
}