{
  "targets": "2060|126|2|360|1224|960|868|446|2120|270|832|198|1281|265|3839|952|765|542|1680|1312|1086|315|1728|2079|2058|3872|1296|161|3586|200|4095|128",
  "satcmm_args": [
    "/home/bbarbe/exe/satcmm",
    "2060|126|2|360|1224|960|868|446|2120|270|832|198|1281|265|3839|952|765|542|1680|1312|1086|315|1728|2079|2058|3872|1296|161|3586|200|4095|128",
    "allow_negative_coefficients=1",
    "solver_name=executable",
    "executable_binary=/home/bbarbe/exe/kissat",
    "min_num_adders=2",
    "max_num_adders=2",
    "allow_coefficient_sign_inversion=2"
  ],
  "returncode": 1,
  "satcmm_duration_seconds": 16.126705485396087,
  "analyzer_duration_seconds": 0.012936398386955261,
  "mux_cost": 41,
  "adder_graph_found": true,
  "killed_by_timeout": false
}