{
  "targets": "3066|4094|4|958|3855|2044|1168|1504|284|2016|2580|1039|2561|516|4088|480|3074|37|964|1150|2120|1260|3588|42|168|2480|455|2017|584|456|3136|3838|3056|945|744|3071|1632|2043|507|126|1089|2063|64|306|956|1170|544|448|1028|1279|2304|100|74|2688|991|2568|256|928|1542|3570|635|170|1540|1539|195|1248|3|312|4030|620|0|2064|4079|578|3070|2303|3952|638|2049|265|3060|1728|50|2432|529|416|1038|4068|1950|1784|3577|508|113|1918|1538|895|3825|1031|1912|816|3583|2060|193|4086|80|4016|432|868|1288|2036|3585|2232|90|1528|1281|3084|1544|160|772|476|2176|1736|4092|2076|125|897|2065|1029",
  "satcmm_args": [
    "/home/bbarbe/exe/satcmm",
    "3066|4094|4|958|3855|2044|1168|1504|284|2016|2580|1039|2561|516|4088|480|3074|37|964|1150|2120|1260|3588|42|168|2480|455|2017|584|456|3136|3838|3056|945|744|3071|1632|2043|507|126|1089|2063|64|306|956|1170|544|448|1028|1279|2304|100|74|2688|991|2568|256|928|1542|3570|635|170|1540|1539|195|1248|3|312|4030|620|0|2064|4079|578|3070|2303|3952|638|2049|265|3060|1728|50|2432|529|416|1038|4068|1950|1784|3577|508|113|1918|1538|895|3825|1031|1912|816|3583|2060|193|4086|80|4016|432|868|1288|2036|3585|2232|90|1528|1281|3084|1544|160|772|476|2176|1736|4092|2076|125|897|2065|1029",
    "allow_negative_coefficients=1",
    "solver_name=executable",
    "executable_binary=/home/bbarbe/exe/kissat",
    "min_num_adders=2",
    "max_num_adders=2",
    "allow_coefficient_sign_inversion=2"
  ],
  "returncode": -9,
  "satcmm_duration_seconds": 600.1032886402681,
  "analyzer_duration_seconds": 0.013848143629729748,
  "mux_cost": 85,
  "adder_graph_found": true,
  "killed_by_timeout": true
}