{
  "targets": "1188|3071|1534|378|1042|576|288|142|3568|152|1344|574|2568|2144|960|4034",
  "satcmm_args": [
    "/home/bbarbe/exe/satcmm",
    "1188|3071|1534|378|1042|576|288|142|3568|152|1344|574|2568|2144|960|4034",
    "allow_negative_coefficients=1",
    "solver_name=executable",
    "executable_binary=/home/bbarbe/exe/kissat",
    "min_num_adders=2",
    "max_num_adders=2",
    "allow_coefficient_sign_inversion=2",
    "timeout=300"
  ],
  "returncode": 0,
  "satcmm_duration_seconds": 985.608985805884,
  "analyzer_duration_seconds": 0.011347148567438126,
  "mux_cost": 9,
  "adder_graph_found": true
}