{
  "targets": "32|238|78|146|45|241|46|210|61|168|137|50|150|79|142|144",
  "satcmm_args": [
    "/home/bbarbe/exe/satcmm",
    "32|238|78|146|45|241|46|210|61|168|137|50|150|79|142|144",
    "allow_negative_coefficients=1",
    "solver_name=executable",
    "executable_binary=/home/bbarbe/exe/kissat",
    "min_num_adders=2",
    "max_num_adders=2",
    "allow_coefficient_sign_inversion=2",
    "timeout=300"
  ],
  "returncode": 0,
  "satcmm_duration_seconds": 22.680617610923946,
  "analyzer_duration_seconds": 0.011057398281991482,
  "mux_cost": 7,
  "adder_graph_found": true
}