{
  "runs": 100,
  "avg_satcmm_runtime_seconds": 6.081281484989449,
  "avg_analyzer_runtime_seconds": 0.01111803961917758,
  "avg_mux_cost": 6.41
}