{
  "targets": "988|635|134|84|447|49|760|216|495|387|142|240|1009|57|1022|144|16|70|650|88|507|959|168|231|380|136|165|27|372|288|497|518|769|492|511|100|567|996|195|123|143|455|392|1019|408|67|52|190|180|488|903|517|146|130|292|18|328|770|900|254|434|32|543|79",
  "satcmm_args": [
    "/home/bbarbe/exe/satcmm",
    "988|635|134|84|447|49|760|216|495|387|142|240|1009|57|1022|144|16|70|650|88|507|959|168|231|380|136|165|27|372|288|497|518|769|492|511|100|567|996|195|123|143|455|392|1019|408|67|52|190|180|488|903|517|146|130|292|18|328|770|900|254|434|32|543|79",
    "allow_negative_coefficients=1",
    "solver_name=executable",
    "executable_binary=/home/bbarbe/exe/kissat",
    "min_num_adders=2",
    "max_num_adders=2",
    "allow_coefficient_sign_inversion=2"
  ],
  "returncode": -9,
  "satcmm_duration_seconds": 600.0693247374147,
  "analyzer_duration_seconds": 0.013027557171881199,
  "mux_cost": 28,
  "adder_graph_found": true,
  "killed_by_timeout": true
}