{
  "targets": "90|252|892|762|956|1022|336|990|33|137|322|104|102|432|408|72",
  "satcmm_args": [
    "/home/bbarbe/exe/satcmm",
    "90|252|892|762|956|1022|336|990|33|137|322|104|102|432|408|72",
    "allow_negative_coefficients=1",
    "solver_name=executable",
    "executable_binary=/home/bbarbe/exe/kissat",
    "min_num_adders=2",
    "max_num_adders=2",
    "allow_coefficient_sign_inversion=2",
    "timeout=300"
  ],
  "returncode": 0,
  "satcmm_duration_seconds": 184.9315344169736,
  "analyzer_duration_seconds": 0.011298369616270065,
  "mux_cost": 8,
  "adder_graph_found": true
}