{
  "targets": "1008|464|594|96|540|514|131|572|126|328|159|519|296|840|191|507",
  "satcmm_args": [
    "/home/bbarbe/exe/satcmm",
    "1008|464|594|96|540|514|131|572|126|328|159|519|296|840|191|507",
    "allow_negative_coefficients=1",
    "solver_name=executable",
    "executable_binary=/home/bbarbe/exe/kissat",
    "min_num_adders=2",
    "max_num_adders=2",
    "allow_coefficient_sign_inversion=2",
    "timeout=300"
  ],
  "returncode": 0,
  "satcmm_duration_seconds": 39.31998758483678,
  "analyzer_duration_seconds": 0.011138694360852242,
  "mux_cost": 8,
  "adder_graph_found": true
}