{
  "targets": "210|95|250|34|226|131|127|21|137|217|65|184|192|220|248|57",
  "satcmm_args": [
    "/home/bbarbe/exe/satcmm",
    "210|95|250|34|226|131|127|21|137|217|65|184|192|220|248|57",
    "allow_negative_coefficients=1",
    "solver_name=executable",
    "executable_binary=/home/bbarbe/exe/kissat",
    "min_num_adders=2",
    "max_num_adders=2",
    "allow_coefficient_sign_inversion=2",
    "timeout=300"
  ],
  "returncode": 0,
  "satcmm_duration_seconds": 44.22930870112032,
  "analyzer_duration_seconds": 0.011088796891272068,
  "mux_cost": 8,
  "adder_graph_found": true
}