{
  "targets": "736|1860|772|153|2060|2084|2624|882|1216|1071|297|150|1952|1030|58|1792",
  "satcmm_args": [
    "/home/bbarbe/exe/satcmm",
    "736|1860|772|153|2060|2084|2624|882|1216|1071|297|150|1952|1030|58|1792",
    "allow_negative_coefficients=1",
    "solver_name=executable",
    "executable_binary=/home/bbarbe/exe/kissat",
    "min_num_adders=2",
    "max_num_adders=2",
    "allow_coefficient_sign_inversion=2",
    "timeout=300"
  ],
  "returncode": 0,
  "satcmm_duration_seconds": 82.25638972781599,
  "analyzer_duration_seconds": 0.01131829060614109,
  "mux_cost": 9,
  "adder_graph_found": true
}