{
  "targets": "632|542|1560|2040|912|152|452|1087|259|3585|1260|4087|1038|2142|1136|864",
  "satcmm_args": [
    "/home/bbarbe/exe/satcmm",
    "632|542|1560|2040|912|152|452|1087|259|3585|1260|4087|1038|2142|1136|864",
    "allow_negative_coefficients=1",
    "solver_name=executable",
    "executable_binary=/home/bbarbe/exe/kissat",
    "min_num_adders=2",
    "max_num_adders=2",
    "allow_coefficient_sign_inversion=2",
    "timeout=300"
  ],
  "returncode": 0,
  "satcmm_duration_seconds": 80.9442427745089,
  "analyzer_duration_seconds": 0.011110886000096798,
  "mux_cost": 10,
  "adder_graph_found": true
}