{
  "targets": "32|45|60|10|7|62|9|21|31|42|4|3|24|55|33|8|39|37|16|26|35|19|0|61|1|38|14|29|44|22|12|27",
  "satcmm_args": [
    "/home/bbarbe/exe/satcmm",
    "32|45|60|10|7|62|9|21|31|42|4|3|24|55|33|8|39|37|16|26|35|19|0|61|1|38|14|29|44|22|12|27",
    "allow_negative_coefficients=1",
    "solver_name=executable",
    "executable_binary=/home/bbarbe/exe/kissat",
    "min_num_adders=2",
    "max_num_adders=2",
    "allow_coefficient_sign_inversion=2"
  ],
  "returncode": 0,
  "satcmm_duration_seconds": 286.68039383366704,
  "analyzer_duration_seconds": 0.012732630595564842,
  "mux_cost": 6,
  "adder_graph_found": true,
  "killed_by_timeout": false
}