{
  "targets": "383|1016|961|991|122|640|276|1020|60|10|945|360|132|543|251|488",
  "satcmm_args": [
    "/home/bbarbe/exe/satcmm",
    "383|1016|961|991|122|640|276|1020|60|10|945|360|132|543|251|488",
    "allow_negative_coefficients=1",
    "solver_name=executable",
    "executable_binary=/home/bbarbe/exe/kissat",
    "min_num_adders=2",
    "max_num_adders=2",
    "allow_coefficient_sign_inversion=2",
    "timeout=300"
  ],
  "returncode": 0,
  "satcmm_duration_seconds": 58.709303606301546,
  "analyzer_duration_seconds": 0.011332630179822445,
  "mux_cost": 9,
  "adder_graph_found": true
}