{
  "targets": "75|72|152|113|123|34|153|193|58|160|224|88|164|85|148|125",
  "satcmm_args": [
    "/home/bbarbe/exe/satcmm",
    "75|72|152|113|123|34|153|193|58|160|224|88|164|85|148|125",
    "allow_negative_coefficients=1",
    "solver_name=executable",
    "executable_binary=/home/bbarbe/exe/kissat",
    "min_num_adders=2",
    "max_num_adders=2",
    "allow_coefficient_sign_inversion=2",
    "timeout=300"
  ],
  "returncode": 0,
  "satcmm_duration_seconds": 33.41127921734005,
  "analyzer_duration_seconds": 0.011110028252005577,
  "mux_cost": 7,
  "adder_graph_found": true
}