{
  "targets": "3264|319|592|2302|641|3856|4040|752|1151|2038|44|704|768|996|3568|1000",
  "satcmm_args": [
    "/home/bbarbe/exe/satcmm",
    "3264|319|592|2302|641|3856|4040|752|1151|2038|44|704|768|996|3568|1000",
    "allow_negative_coefficients=1",
    "solver_name=executable",
    "executable_binary=/home/bbarbe/exe/kissat",
    "min_num_adders=2",
    "max_num_adders=2",
    "allow_coefficient_sign_inversion=2",
    "timeout=300"
  ],
  "returncode": 0,
  "satcmm_duration_seconds": 471.24917944706976,
  "analyzer_duration_seconds": 0.011180044151842594,
  "mux_cost": 10,
  "adder_graph_found": true
}