{
  "targets": "322|80|1072|268|188|944|1039|774|376|1260|2020|3970|3472|143|1736|642",
  "satcmm_args": [
    "/home/bbarbe/exe/satcmm",
    "322|80|1072|268|188|944|1039|774|376|1260|2020|3970|3472|143|1736|642",
    "allow_negative_coefficients=1",
    "solver_name=executable",
    "executable_binary=/home/bbarbe/exe/kissat",
    "min_num_adders=2",
    "max_num_adders=2",
    "allow_coefficient_sign_inversion=2",
    "timeout=300"
  ],
  "returncode": 0,
  "satcmm_duration_seconds": 48.94492156710476,
  "analyzer_duration_seconds": 0.010939271189272404,
  "mux_cost": 8,
  "adder_graph_found": true
}