{
  "targets": "10|69|381|292|444|1014|134|79|270|530|170|62|112|22|432|155|250|125|928|744|226|19|771|0|39|110|254|650|85|113|672|23|253|222|864|247|510|1017|780|297|161|1015|480|306|97|198|624|508|119|228|159|536|276|152|386|35|153|640|287|75|74|47|3|200|15|316|481|284|513|7|330|111|497|620|462|132|522|476|492|572|704|994|40|408|21|72|543|888|752|378|1019|5|991|99|81|527|984|319|800|2|127|736|80|321|1008|14|515|84|130|792|945|648|396|511|162|912|189|131|31|1|261|636|194|961|36|498|184|630",
  "satcmm_args": [
    "/home/bbarbe/exe/satcmm",
    "10|69|381|292|444|1014|134|79|270|530|170|62|112|22|432|155|250|125|928|744|226|19|771|0|39|110|254|650|85|113|672|23|253|222|864|247|510|1017|780|297|161|1015|480|306|97|198|624|508|119|228|159|536|276|152|386|35|153|640|287|75|74|47|3|200|15|316|481|284|513|7|330|111|497|620|462|132|522|476|492|572|704|994|40|408|21|72|543|888|752|378|1019|5|991|99|81|527|984|319|800|2|127|736|80|321|1008|14|515|84|130|792|945|648|396|511|162|912|189|131|31|1|261|636|194|961|36|498|184|630",
    "allow_negative_coefficients=1",
    "solver_name=executable",
    "executable_binary=/home/bbarbe/exe/kissat",
    "min_num_adders=2",
    "max_num_adders=2",
    "allow_coefficient_sign_inversion=2"
  ],
  "returncode": -9,
  "satcmm_duration_seconds": 600.1034428086132,
  "analyzer_duration_seconds": 0.012825163081288338,
  "mux_cost": 76,
  "adder_graph_found": true,
  "killed_by_timeout": true
}