{
  "targets": "122|630|1953|102|39|1776|640|2110|544|2210|38|262|1143|322|952|514",
  "satcmm_args": [
    "/home/bbarbe/exe/satcmm",
    "122|630|1953|102|39|1776|640|2110|544|2210|38|262|1143|322|952|514",
    "allow_negative_coefficients=1",
    "solver_name=executable",
    "executable_binary=/home/bbarbe/exe/kissat",
    "min_num_adders=2",
    "max_num_adders=2",
    "allow_coefficient_sign_inversion=2",
    "timeout=300"
  ],
  "returncode": 0,
  "satcmm_duration_seconds": 106.07359205465764,
  "analyzer_duration_seconds": 0.011334344744682312,
  "mux_cost": 9,
  "adder_graph_found": true
}