{
  "targets": "176|189|193|507|903|1016|251|476|58|74|572|71|526|130|532|217",
  "satcmm_args": [
    "/home/bbarbe/exe/satcmm",
    "176|189|193|507|903|1016|251|476|58|74|572|71|526|130|532|217",
    "allow_negative_coefficients=1",
    "solver_name=executable",
    "executable_binary=/home/bbarbe/exe/kissat",
    "min_num_adders=2",
    "max_num_adders=2",
    "allow_coefficient_sign_inversion=2",
    "timeout=300"
  ],
  "returncode": 0,
  "satcmm_duration_seconds": 71.77040031738579,
  "analyzer_duration_seconds": 0.011437904089689255,
  "mux_cost": 9,
  "adder_graph_found": true
}