{
  "targets": "450|310|368|22|508|340|756|41|620|113|252|889|150|964|336|452",
  "satcmm_args": [
    "/home/bbarbe/exe/satcmm",
    "450|310|368|22|508|340|756|41|620|113|252|889|150|964|336|452",
    "allow_negative_coefficients=1",
    "solver_name=executable",
    "executable_binary=/home/bbarbe/exe/kissat",
    "min_num_adders=2",
    "max_num_adders=2",
    "allow_coefficient_sign_inversion=2",
    "timeout=300"
  ],
  "returncode": 0,
  "satcmm_duration_seconds": 28.66675272770226,
  "analyzer_duration_seconds": 0.011493155732750893,
  "mux_cost": 9,
  "adder_graph_found": true
}