{
  "targets": "580|273|476|49|95|67|384|536|892|382|961|672|2|1012|17|63",
  "satcmm_args": [
    "/home/bbarbe/exe/satcmm",
    "580|273|476|49|95|67|384|536|892|382|961|672|2|1012|17|63",
    "allow_negative_coefficients=1",
    "solver_name=executable",
    "executable_binary=/home/bbarbe/exe/kissat",
    "min_num_adders=2",
    "max_num_adders=2",
    "allow_coefficient_sign_inversion=2",
    "timeout=300"
  ],
  "returncode": 0,
  "satcmm_duration_seconds": 98.12751154880971,
  "analyzer_duration_seconds": 0.01096097007393837,
  "mux_cost": 8,
  "adder_graph_found": true
}