{
  "targets": "328|44|273|143|672|150|381|260|524|447|265|1022|18|192|498|92",
  "satcmm_args": [
    "/home/bbarbe/exe/satcmm",
    "328|44|273|143|672|150|381|260|524|447|265|1022|18|192|498|92",
    "allow_negative_coefficients=1",
    "solver_name=executable",
    "executable_binary=/home/bbarbe/exe/kissat",
    "min_num_adders=2",
    "max_num_adders=2",
    "allow_coefficient_sign_inversion=2",
    "timeout=300"
  ],
  "returncode": 0,
  "satcmm_duration_seconds": 152.76250861864537,
  "analyzer_duration_seconds": 0.011351382359862328,
  "mux_cost": 9,
  "adder_graph_found": true
}