{
  "targets": "108|121|79|130|240|136|57|186|143|251|40|255|30|67|195|132",
  "satcmm_args": [
    "/home/bbarbe/exe/satcmm",
    "108|121|79|130|240|136|57|186|143|251|40|255|30|67|195|132",
    "allow_negative_coefficients=1",
    "solver_name=executable",
    "executable_binary=/home/bbarbe/exe/kissat",
    "min_num_adders=2",
    "max_num_adders=2",
    "allow_coefficient_sign_inversion=2",
    "timeout=300"
  ],
  "returncode": 0,
  "satcmm_duration_seconds": 26.617725962772965,
  "analyzer_duration_seconds": 0.011124295182526112,
  "mux_cost": 7,
  "adder_graph_found": true
}