{
  "runs": 100,
  "avg_satcmm_runtime_seconds": 134.6975190637447,
  "avg_analyzer_runtime_seconds": 0.01127265372313559,
  "avg_mux_cost": 8.59
}