{
  "runs": 15,
  "avg_runtime_seconds": 600.0391306354354,
  "costs": {
    "fpga_delay": "not available",
    "area_cost": 6230.533333333334,
    "luts": 270.2,
    "mux_bits": 11.6,
    "mux_count": 10.666666666666666,
    "asic_delay": "not available"
  }
}