{
  "targets": "138|210|84|15|24|198|186|152|217|13|113|74|49|131|190|143",
  "satcmm_args": [
    "/home/bbarbe/exe/satcmm",
    "138|210|84|15|24|198|186|152|217|13|113|74|49|131|190|143",
    "allow_negative_coefficients=1",
    "solver_name=executable",
    "executable_binary=/home/bbarbe/exe/kissat",
    "min_num_adders=2",
    "max_num_adders=2",
    "allow_coefficient_sign_inversion=2",
    "timeout=300"
  ],
  "returncode": 0,
  "satcmm_duration_seconds": 24.032509877346456,
  "analyzer_duration_seconds": 0.011259153485298157,
  "mux_cost": 7,
  "adder_graph_found": true
}