{
  "targets": "58|958|568|135|868|513|29|195|20|18|575|63|38|444|524|164|41|544|479|268|161|521|180|944|640|96|51|134|368|480|93|1008|32|496|385|27|928|910|960|1020|762|35|247|1018|239|528|3|59|517|903|552|624|94|155|75|74|680|260|522|198|372|1022|217|76",
  "satcmm_args": [
    "/home/bbarbe/exe/satcmm",
    "58|958|568|135|868|513|29|195|20|18|575|63|38|444|524|164|41|544|479|268|161|521|180|944|640|96|51|134|368|480|93|1008|32|496|385|27|928|910|960|1020|762|35|247|1018|239|528|3|59|517|903|552|624|94|155|75|74|680|260|522|198|372|1022|217|76",
    "allow_negative_coefficients=1",
    "solver_name=executable",
    "executable_binary=/home/bbarbe/exe/kissat",
    "min_num_adders=2",
    "max_num_adders=2",
    "allow_coefficient_sign_inversion=2"
  ],
  "returncode": -9,
  "satcmm_duration_seconds": 600.0736576309428,
  "analyzer_duration_seconds": 0.013158479705452919,
  "mux_cost": 27,
  "adder_graph_found": true,
  "killed_by_timeout": true
}