{
  "targets": "479|232|968|190|244|259|912|270|32|80|904|26|765|1012|515|99|72|752|49|506|15|584|132|65|396|560|930|108|273|1014|567|1016|68|390|13|720|889|964|130|400|520|7|198|896|318|768|372|76|85|17|330|54|561|465|816|880|155|33|540|1020|239|640|672|137",
  "satcmm_args": [
    "/home/bbarbe/exe/satcmm",
    "479|232|968|190|244|259|912|270|32|80|904|26|765|1012|515|99|72|752|49|506|15|584|132|65|396|560|930|108|273|1014|567|1016|68|390|13|720|889|964|130|400|520|7|198|896|318|768|372|76|85|17|330|54|561|465|816|880|155|33|540|1020|239|640|672|137",
    "allow_negative_coefficients=1",
    "solver_name=executable",
    "executable_binary=/home/bbarbe/exe/kissat",
    "min_num_adders=2",
    "max_num_adders=2",
    "allow_coefficient_sign_inversion=2"
  ],
  "returncode": -6,
  "satcmm_duration_seconds": 165.44170855917037,
  "analyzer_duration_seconds": 0.012741243466734886,
  "mux_cost": 52,
  "adder_graph_found": true,
  "killed_by_timeout": false
}