{
  "runs": 15,
  "avg_runtime_seconds": 600.066507938318,
  "costs": {
    "fpga_delay": "not available",
    "area_cost": 7665.8,
    "luts": 328.3333333333333,
    "mux_bits": 13.466666666666667,
    "mux_count": 13.2,
    "asic_delay": "not available"
  }
}