{
  "targets": "768|3872|392|1071|1282|92|446|2088|4063|253|2178|1790|330|168|80|452",
  "satcmm_args": [
    "/home/bbarbe/exe/satcmm",
    "768|3872|392|1071|1282|92|446|2088|4063|253|2178|1790|330|168|80|452",
    "allow_negative_coefficients=1",
    "solver_name=executable",
    "executable_binary=/home/bbarbe/exe/kissat",
    "min_num_adders=2",
    "max_num_adders=2",
    "allow_coefficient_sign_inversion=2",
    "timeout=300"
  ],
  "returncode": 0,
  "satcmm_duration_seconds": 303.3535035876557,
  "analyzer_duration_seconds": 0.011211831122636795,
  "mux_cost": 10,
  "adder_graph_found": true
}