{
  "targets": "246|225|36|81|238|37|224|122|25|121|159|152|35|125|111|153|116|226|155|186|80|138|58|76|46|57|249|92|67|40|188|70",
  "satcmm_args": [
    "/home/bbarbe/exe/satcmm",
    "246|225|36|81|238|37|224|122|25|121|159|152|35|125|111|153|116|226|155|186|80|138|58|76|46|57|249|92|67|40|188|70",
    "allow_negative_coefficients=1",
    "solver_name=executable",
    "executable_binary=/home/bbarbe/exe/kissat",
    "min_num_adders=2",
    "max_num_adders=2",
    "allow_coefficient_sign_inversion=2"
  ],
  "returncode": 1,
  "satcmm_duration_seconds": 83.9225376918912,
  "analyzer_duration_seconds": 0.01269346009939909,
  "mux_cost": 11,
  "adder_graph_found": true,
  "killed_by_timeout": false
}