{
  "runs": 15,
  "avg_runtime_seconds": 600.0851762346923,
  "costs": {
    "fpga_delay": "not available",
    "area_cost": 8803.133333333333,
    "luts": 365.73333333333335,
    "mux_bits": 14.333333333333334,
    "mux_count": 15.2,
    "asic_delay": "not available"
  }
}