{
  "targets": "892|720|568|352|641|386|382|880|536|312|894|532|306|46|448|767",
  "satcmm_args": [
    "/home/bbarbe/exe/satcmm",
    "892|720|568|352|641|386|382|880|536|312|894|532|306|46|448|767",
    "allow_negative_coefficients=1",
    "solver_name=executable",
    "executable_binary=/home/bbarbe/exe/kissat",
    "min_num_adders=2",
    "max_num_adders=2",
    "allow_coefficient_sign_inversion=2",
    "timeout=300"
  ],
  "returncode": 0,
  "satcmm_duration_seconds": 79.8400639379397,
  "analyzer_duration_seconds": 0.011405776254832745,
  "mux_cost": 9,
  "adder_graph_found": true
}