{
  "targets": "800|240|319|481|650|56|521|35|42|494|32|90|112|455|545|144",
  "satcmm_args": [
    "/home/bbarbe/exe/satcmm",
    "800|240|319|481|650|56|521|35|42|494|32|90|112|455|545|144",
    "allow_negative_coefficients=1",
    "solver_name=executable",
    "executable_binary=/home/bbarbe/exe/kissat",
    "min_num_adders=2",
    "max_num_adders=2",
    "allow_coefficient_sign_inversion=2",
    "timeout=300"
  ],
  "returncode": 0,
  "satcmm_duration_seconds": 47.39666238706559,
  "analyzer_duration_seconds": 0.011327221989631653,
  "mux_cost": 8,
  "adder_graph_found": true
}