{
  "targets": "228|50|112|27|29|78|7|17|34|127|238|133|19|193|136|51|249|186|52|116|250|189|26|58|10|21|39|111|75|129|93|84|195|2|105|156|200|190|160|70|46|168|5|239|220|31|236|28|8|210|13|180|143|192|161|216|231|248|73|232|96|57|246|113",
  "satcmm_args": [
    "/home/bbarbe/exe/satcmm",
    "228|50|112|27|29|78|7|17|34|127|238|133|19|193|136|51|249|186|52|116|250|189|26|58|10|21|39|111|75|129|93|84|195|2|105|156|200|190|160|70|46|168|5|239|220|31|236|28|8|210|13|180|143|192|161|216|231|248|73|232|96|57|246|113",
    "allow_negative_coefficients=1",
    "solver_name=executable",
    "executable_binary=/home/bbarbe/exe/kissat",
    "min_num_adders=2",
    "max_num_adders=2",
    "allow_coefficient_sign_inversion=2"
  ],
  "returncode": -9,
  "satcmm_duration_seconds": 600.0673893848434,
  "analyzer_duration_seconds": 0.012896215543150902,
  "mux_cost": 24,
  "adder_graph_found": true,
  "killed_by_timeout": true
}