{
  "targets": "208|65|168|120|72|228|5|126|159|90|193|102|514|720|592|384|184|242|286|772|1004|152|0|240|125|368|322|488|536|84|516|447|896|257|527|387|1015|260|892|945|736|223|336|990|960|297|239|67|135|612|22|63|250|868|529|3|116|577|385|192|512|276|16|52",
  "satcmm_args": [
    "/home/bbarbe/exe/satcmm",
    "208|65|168|120|72|228|5|126|159|90|193|102|514|720|592|384|184|242|286|772|1004|152|0|240|125|368|322|488|536|84|516|447|896|257|527|387|1015|260|892|945|736|223|336|990|960|297|239|67|135|612|22|63|250|868|529|3|116|577|385|192|512|276|16|52",
    "allow_negative_coefficients=1",
    "solver_name=executable",
    "executable_binary=/home/bbarbe/exe/kissat",
    "min_num_adders=2",
    "max_num_adders=2",
    "allow_coefficient_sign_inversion=2"
  ],
  "returncode": -9,
  "satcmm_duration_seconds": 600.1026810994372,
  "analyzer_duration_seconds": 0.012955143116414547,
  "mux_cost": 27,
  "adder_graph_found": true,
  "killed_by_timeout": true
}