{
  "targets": "110|12|232|58|448|188|73|222|196|321|532|13|98|892|49|270",
  "satcmm_args": [
    "/home/bbarbe/exe/satcmm",
    "110|12|232|58|448|188|73|222|196|321|532|13|98|892|49|270",
    "allow_negative_coefficients=1",
    "solver_name=executable",
    "executable_binary=/home/bbarbe/exe/kissat",
    "min_num_adders=2",
    "max_num_adders=2",
    "allow_coefficient_sign_inversion=2",
    "timeout=300"
  ],
  "returncode": 0,
  "satcmm_duration_seconds": 25.765616952441633,
  "analyzer_duration_seconds": 0.011235173791646957,
  "mux_cost": 8,
  "adder_graph_found": true
}