{
  "targets": "567|2080|1860|259|968|136|59|3582|816|1161|4031|2295|280|2400|1312|1986",
  "satcmm_args": [
    "/home/bbarbe/exe/satcmm",
    "567|2080|1860|259|968|136|59|3582|816|1161|4031|2295|280|2400|1312|1986",
    "allow_negative_coefficients=1",
    "solver_name=executable",
    "executable_binary=/home/bbarbe/exe/kissat",
    "min_num_adders=2",
    "max_num_adders=2",
    "allow_coefficient_sign_inversion=2",
    "timeout=300"
  ],
  "returncode": 0,
  "satcmm_duration_seconds": 89.57643617037684,
  "analyzer_duration_seconds": 0.011540992185473442,
  "mux_cost": 10,
  "adder_graph_found": true
}