{
  "targets": "30|164|136|780|580|65|47|464|1014|509|73|56|64|142|184|656|15|508|19|769|49|246|38|68|34|270|260|498|23|254|272|78",
  "satcmm_args": [
    "/home/bbarbe/exe/satcmm",
    "30|164|136|780|580|65|47|464|1014|509|73|56|64|142|184|656|15|508|19|769|49|246|38|68|34|270|260|498|23|254|272|78",
    "allow_negative_coefficients=1",
    "solver_name=executable",
    "executable_binary=/home/bbarbe/exe/kissat",
    "min_num_adders=2",
    "max_num_adders=2",
    "allow_coefficient_sign_inversion=2"
  ],
  "returncode": -9,
  "satcmm_duration_seconds": 600.0029946211725,
  "analyzer_duration_seconds": 0.012330089695751667,
  "mux_cost": 11,
  "adder_graph_found": true,
  "killed_by_timeout": true
}