{
  "targets": "17|4|2|47|118|38|27|96|7|67|22|71|73|18|64|79|35|13|121|120|70|58|62|114|48|21|81|112|82|126|110|10",
  "satcmm_args": [
    "/home/bbarbe/exe/satcmm",
    "17|4|2|47|118|38|27|96|7|67|22|71|73|18|64|79|35|13|121|120|70|58|62|114|48|21|81|112|82|126|110|10",
    "allow_negative_coefficients=1",
    "solver_name=executable",
    "executable_binary=/home/bbarbe/exe/kissat",
    "min_num_adders=2",
    "max_num_adders=2",
    "allow_coefficient_sign_inversion=2"
  ],
  "returncode": 0,
  "satcmm_duration_seconds": 186.17082233075052,
  "analyzer_duration_seconds": 0.01265897136181593,
  "mux_cost": 7,
  "adder_graph_found": true,
  "killed_by_timeout": false
}