{
  "targets": "3937|1084|1890|903|3264|2272|1806|3072|34|360|140|2114|976|1034|2062|574|752|4062|1935|3088|300|2024|766|18|4088|2432|2033|2044|52|47|40|286",
  "satcmm_args": [
    "/home/bbarbe/exe/satcmm",
    "3937|1084|1890|903|3264|2272|1806|3072|34|360|140|2114|976|1034|2062|574|752|4062|1935|3088|300|2024|766|18|4088|2432|2033|2044|52|47|40|286",
    "allow_negative_coefficients=1",
    "solver_name=executable",
    "executable_binary=/home/bbarbe/exe/kissat",
    "min_num_adders=2",
    "max_num_adders=2",
    "allow_coefficient_sign_inversion=2"
  ],
  "returncode": 1,
  "satcmm_duration_seconds": 568.0484219519421,
  "analyzer_duration_seconds": 0.012484906241297722,
  "mux_cost": 20,
  "adder_graph_found": true,
  "killed_by_timeout": false
}