{
  "targets": "274|636|196|142|1008|296|190|1552|1540|396|392|2053|1010|479|964|2112",
  "satcmm_args": [
    "/home/bbarbe/exe/satcmm",
    "274|636|196|142|1008|296|190|1552|1540|396|392|2053|1010|479|964|2112",
    "allow_negative_coefficients=1",
    "solver_name=executable",
    "executable_binary=/home/bbarbe/exe/kissat",
    "min_num_adders=2",
    "max_num_adders=2",
    "allow_coefficient_sign_inversion=2",
    "timeout=300"
  ],
  "returncode": 0,
  "satcmm_duration_seconds": 86.0229674205184,
  "analyzer_duration_seconds": 0.011309633031487465,
  "mux_cost": 9,
  "adder_graph_found": true
}