{
  "runs": 15,
  "avg_satcmm_runtime_seconds": 600.0966049222276,
  "avg_analyzer_runtime_seconds": 0.013845098825792471,
  "avg_mux_cost": 63.06666666666667,
  "killed_by_timeout": 15
}