{
  "targets": "1922|288|3040|1537|1019|3841|2049|382|2056|2051|2113|232|1512|3520|3577|904",
  "satcmm_args": [
    "/home/bbarbe/exe/satcmm",
    "1922|288|3040|1537|1019|3841|2049|382|2056|2051|2113|232|1512|3520|3577|904",
    "allow_negative_coefficients=1",
    "solver_name=executable",
    "executable_binary=/home/bbarbe/exe/kissat",
    "min_num_adders=2",
    "max_num_adders=2",
    "allow_coefficient_sign_inversion=2",
    "timeout=300"
  ],
  "returncode": 0,
  "satcmm_duration_seconds": 117.95803532656282,
  "analyzer_duration_seconds": 0.011345007456839085,
  "mux_cost": 10,
  "adder_graph_found": true
}