{
  "targets": "84|196|108|247|160|248|80|231|98|186|46|241|200|56|223|42",
  "satcmm_args": [
    "/home/bbarbe/exe/satcmm",
    "84|196|108|247|160|248|80|231|98|186|46|241|200|56|223|42",
    "allow_negative_coefficients=1",
    "solver_name=executable",
    "executable_binary=/home/bbarbe/exe/kissat",
    "min_num_adders=2",
    "max_num_adders=2",
    "allow_coefficient_sign_inversion=2",
    "timeout=300"
  ],
  "returncode": 0,
  "satcmm_duration_seconds": 15.723136777989566,
  "analyzer_duration_seconds": 0.010967619717121124,
  "mux_cost": 7,
  "adder_graph_found": true
}