{
  "targets": "242|184|191|47|208|130|133|94|189|194|188|116|11|210|68|40|200|81|246|161|231|6|225|137|30|217|51|64|168|15|31|222|120|142|251|170|21|118|255|249|18|165|44|153|198|136|7|49|108|144|99|239|1|57|37|159|254|93|176|58|145|232|110|104",
  "satcmm_args": [
    "/home/bbarbe/exe/satcmm",
    "242|184|191|47|208|130|133|94|189|194|188|116|11|210|68|40|200|81|246|161|231|6|225|137|30|217|51|64|168|15|31|222|120|142|251|170|21|118|255|249|18|165|44|153|198|136|7|49|108|144|99|239|1|57|37|159|254|93|176|58|145|232|110|104",
    "allow_negative_coefficients=1",
    "solver_name=executable",
    "executable_binary=/home/bbarbe/exe/kissat",
    "min_num_adders=2",
    "max_num_adders=2",
    "allow_coefficient_sign_inversion=2"
  ],
  "returncode": -9,
  "satcmm_duration_seconds": 600.1034744298086,
  "analyzer_duration_seconds": 0.012826437130570412,
  "mux_cost": 27,
  "adder_graph_found": true,
  "killed_by_timeout": true
}