{
  "targets": "638|1976|3780|479|513|2555|4089|752|67|2175|297|1764|996|1090|1919|620",
  "satcmm_args": [
    "/home/bbarbe/exe/satcmm",
    "638|1976|3780|479|513|2555|4089|752|67|2175|297|1764|996|1090|1919|620",
    "allow_negative_coefficients=1",
    "solver_name=executable",
    "executable_binary=/home/bbarbe/exe/kissat",
    "min_num_adders=2",
    "max_num_adders=2",
    "allow_coefficient_sign_inversion=2",
    "timeout=300"
  ],
  "returncode": 0,
  "satcmm_duration_seconds": 58.30850282218307,
  "analyzer_duration_seconds": 0.011385099962353706,
  "mux_cost": 11,
  "adder_graph_found": true
}