{
  "targets": "558|193|136|630|259|455|592|41|255|1007|1016|208|449|382|15|577|1008|108|31|276|50|903|113|780|133|765|217|68|526|29|546|123|258|232|318|510|1017|241|760|456|9|246|65|484|75|24|1019|352|420|114|165|220|226|36|204|576|897|37|289|22|543|62|84|268|529|482|262|904|612|532|195|231|254|330|880|81|310|23|137|495|156|497|170|756|126|72|446|116|191|641|992|447|752|322|432|118|315|444|560|764|48|504|5|16|196|32|958|567|222|632|513|96|135|561|975|956|102|494|251|882|239|279|766|771|257|61|492|244",
  "satcmm_args": [
    "/home/bbarbe/exe/satcmm",
    "558|193|136|630|259|455|592|41|255|1007|1016|208|449|382|15|577|1008|108|31|276|50|903|113|780|133|765|217|68|526|29|546|123|258|232|318|510|1017|241|760|456|9|246|65|484|75|24|1019|352|420|114|165|220|226|36|204|576|897|37|289|22|543|62|84|268|529|482|262|904|612|532|195|231|254|330|880|81|310|23|137|495|156|497|170|756|126|72|446|116|191|641|992|447|752|322|432|118|315|444|560|764|48|504|5|16|196|32|958|567|222|632|513|96|135|561|975|956|102|494|251|882|239|279|766|771|257|61|492|244",
    "allow_negative_coefficients=1",
    "solver_name=executable",
    "executable_binary=/home/bbarbe/exe/kissat",
    "min_num_adders=2",
    "max_num_adders=2",
    "allow_coefficient_sign_inversion=2"
  ],
  "returncode": -9,
  "satcmm_duration_seconds": 600.033286433667,
  "analyzer_duration_seconds": 0.012592518702149391,
  "mux_cost": 71,
  "adder_graph_found": true,
  "killed_by_timeout": true
}