{
  "targets": "225|143|15|253|150|239|80|37|160|248|8|10|180|92|189|158|96|31|34|55|125|39|104|27|81|156|134|12|3|42|249|131",
  "satcmm_args": [
    "/home/bbarbe/exe/satcmm",
    "225|143|15|253|150|239|80|37|160|248|8|10|180|92|189|158|96|31|34|55|125|39|104|27|81|156|134|12|3|42|249|131",
    "allow_negative_coefficients=1",
    "solver_name=executable",
    "executable_binary=/home/bbarbe/exe/kissat",
    "min_num_adders=2",
    "max_num_adders=2",
    "allow_coefficient_sign_inversion=2"
  ],
  "returncode": -9,
  "satcmm_duration_seconds": 600.1026810277253,
  "analyzer_duration_seconds": 0.012809625826776028,
  "mux_cost": 9,
  "adder_graph_found": true,
  "killed_by_timeout": true
}