{
  "targets": "191|510|584|320|2|55|200|62|524|32|507|140|352|52|540|292",
  "satcmm_args": [
    "/home/bbarbe/exe/satcmm",
    "191|510|584|320|2|55|200|62|524|32|507|140|352|52|540|292",
    "allow_negative_coefficients=1",
    "solver_name=executable",
    "executable_binary=/home/bbarbe/exe/kissat",
    "min_num_adders=2",
    "max_num_adders=2",
    "allow_coefficient_sign_inversion=2",
    "timeout=300"
  ],
  "returncode": 0,
  "satcmm_duration_seconds": 73.89563053660095,
  "analyzer_duration_seconds": 0.011273398995399475,
  "mux_cost": 7,
  "adder_graph_found": true
}