{
  "targets": "35|572|225|7|176|392|247|246|102|444|67|383|532|315|290|1016",
  "satcmm_args": [
    "/home/bbarbe/exe/satcmm",
    "35|572|225|7|176|392|247|246|102|444|67|383|532|315|290|1016",
    "allow_negative_coefficients=1",
    "solver_name=executable",
    "executable_binary=/home/bbarbe/exe/kissat",
    "min_num_adders=2",
    "max_num_adders=2",
    "allow_coefficient_sign_inversion=2",
    "timeout=300"
  ],
  "returncode": 0,
  "satcmm_duration_seconds": 39.56972672790289,
  "analyzer_duration_seconds": 0.011049749329686165,
  "mux_cost": 9,
  "adder_graph_found": true
}