{
  "targets": "252|162|155|108|220|246|68|102|184|225|0|222|56|130|124|140|138|150|196|125|249|161|11|4|23|50|33|60|62|238|241|195",
  "satcmm_args": [
    "/home/bbarbe/exe/satcmm",
    "252|162|155|108|220|246|68|102|184|225|0|222|56|130|124|140|138|150|196|125|249|161|11|4|23|50|33|60|62|238|241|195",
    "allow_negative_coefficients=1",
    "solver_name=executable",
    "executable_binary=/home/bbarbe/exe/kissat",
    "min_num_adders=2",
    "max_num_adders=2",
    "allow_coefficient_sign_inversion=2"
  ],
  "returncode": 0,
  "satcmm_duration_seconds": 314.75165041629225,
  "analyzer_duration_seconds": 0.011962269432842731,
  "mux_cost": 8,
  "adder_graph_found": true,
  "killed_by_timeout": false
}