{
  "targets": "24|1022|465|45|54|66|624|521|255|507|129|924|150|638|250|968",
  "satcmm_args": [
    "/home/bbarbe/exe/satcmm",
    "24|1022|465|45|54|66|624|521|255|507|129|924|150|638|250|968",
    "allow_negative_coefficients=1",
    "solver_name=executable",
    "executable_binary=/home/bbarbe/exe/kissat",
    "min_num_adders=2",
    "max_num_adders=2",
    "allow_coefficient_sign_inversion=2",
    "timeout=300"
  ],
  "returncode": 0,
  "satcmm_duration_seconds": 30.504448603838682,
  "analyzer_duration_seconds": 0.010889249853789806,
  "mux_cost": 9,
  "adder_graph_found": true
}