{
  "targets": "3066|143|2038|2072|2192|768|544|160|3060|512|144|3591|2144|3966|1919|1170|189|3841|3696|482|2145|3612|2308|1038|1008|3855|2302|3136|1920|944|225|284|1860|290|3568|65|464|1087|832|66|44|2193|36|1224|2030|3072|2080|71|132|1600|1288|574|259|904|48|4072|1026|1984|930|1728|3580|2034|1888|1116|1033|232|360|2313|2159|32|632|912|118|352|897|3068|70|3472|3360|1055|1976|894|57|624|1512|29|2580|2176|1034|321|3084|58|2047|1890|3810|1922|1|2113|1161|2296|238|924|528|1912|4080|2561|898|3937|2128|279|2039|1144|68|975|1134|765|126|988|41|4062|1092|3970|45|524|1153|388|542|3",
  "satcmm_args": [
    "/home/bbarbe/exe/satcmm",
    "3066|143|2038|2072|2192|768|544|160|3060|512|144|3591|2144|3966|1919|1170|189|3841|3696|482|2145|3612|2308|1038|1008|3855|2302|3136|1920|944|225|284|1860|290|3568|65|464|1087|832|66|44|2193|36|1224|2030|3072|2080|71|132|1600|1288|574|259|904|48|4072|1026|1984|930|1728|3580|2034|1888|1116|1033|232|360|2313|2159|32|632|912|118|352|897|3068|70|3472|3360|1055|1976|894|57|624|1512|29|2580|2176|1034|321|3084|58|2047|1890|3810|1922|1|2113|1161|2296|238|924|528|1912|4080|2561|898|3937|2128|279|2039|1144|68|975|1134|765|126|988|41|4062|1092|3970|45|524|1153|388|542|3",
    "allow_negative_coefficients=1",
    "solver_name=executable",
    "executable_binary=/home/bbarbe/exe/kissat",
    "min_num_adders=2",
    "max_num_adders=2",
    "allow_coefficient_sign_inversion=2"
  ],
  "returncode": -9,
  "satcmm_duration_seconds": 600.1035397704691,
  "analyzer_duration_seconds": 0.013734555803239346,
  "mux_cost": 87,
  "adder_graph_found": true,
  "killed_by_timeout": true
}