{
  "targets": "65|241|136|244|247|123|131|208|79|14|54|32|16|236|4|193|75|161|240|210|119|184|85|8|189|36|121|223|40|132|125|220",
  "satcmm_args": [
    "/home/bbarbe/exe/satcmm",
    "65|241|136|244|247|123|131|208|79|14|54|32|16|236|4|193|75|161|240|210|119|184|85|8|189|36|121|223|40|132|125|220",
    "allow_negative_coefficients=1",
    "solver_name=executable",
    "executable_binary=/home/bbarbe/exe/kissat",
    "min_num_adders=2",
    "max_num_adders=2",
    "allow_coefficient_sign_inversion=2"
  ],
  "returncode": 0,
  "satcmm_duration_seconds": 526.7779120337218,
  "analyzer_duration_seconds": 0.012711978517472744,
  "mux_cost": 9,
  "adder_graph_found": true,
  "killed_by_timeout": false
}