{
  "targets": "1921|1272|1504|95|408|68|37|306|2045|56|3072|1055|100|2066|54|1270|85|636|1796|2288|452|1538|97|4033|297|2552|1060|568|78|642|4|1986|2065|386|325|2041|584|2568|3120|1320|2014|882|1104|3075|635|1168|1584|2570|2178|156|276|3456|996|4066|2174|114|108|1344|3068|3648|188|3842|257|69",
  "satcmm_args": [
    "/home/bbarbe/exe/satcmm",
    "1921|1272|1504|95|408|68|37|306|2045|56|3072|1055|100|2066|54|1270|85|636|1796|2288|452|1538|97|4033|297|2552|1060|568|78|642|4|1986|2065|386|325|2041|584|2568|3120|1320|2014|882|1104|3075|635|1168|1584|2570|2178|156|276|3456|996|4066|2174|114|108|1344|3068|3648|188|3842|257|69",
    "allow_negative_coefficients=1",
    "solver_name=executable",
    "executable_binary=/home/bbarbe/exe/kissat",
    "min_num_adders=2",
    "max_num_adders=2",
    "allow_coefficient_sign_inversion=2"
  ],
  "returncode": -9,
  "satcmm_duration_seconds": 600.0499288020656,
  "analyzer_duration_seconds": 0.012889637611806393,
  "mux_cost": 31,
  "adder_graph_found": true,
  "killed_by_timeout": true
}