{
  "targets": "527|515|47|11|192|242|522|300|105|567|35|8|328|635|92|190",
  "satcmm_args": [
    "/home/bbarbe/exe/satcmm",
    "527|515|47|11|192|242|522|300|105|567|35|8|328|635|92|190",
    "allow_negative_coefficients=1",
    "solver_name=executable",
    "executable_binary=/home/bbarbe/exe/kissat",
    "min_num_adders=2",
    "max_num_adders=2",
    "allow_coefficient_sign_inversion=2",
    "timeout=300"
  ],
  "returncode": 0,
  "satcmm_duration_seconds": 23.825746049173176,
  "analyzer_duration_seconds": 0.011115636676549911,
  "mux_cost": 9,
  "adder_graph_found": true
}