{
  "targets": "945|800|64|532|386|990|148|1006|226|176|330|24|88|222|769|780",
  "satcmm_args": [
    "/home/bbarbe/exe/satcmm",
    "945|800|64|532|386|990|148|1006|226|176|330|24|88|222|769|780",
    "allow_negative_coefficients=1",
    "solver_name=executable",
    "executable_binary=/home/bbarbe/exe/kissat",
    "min_num_adders=2",
    "max_num_adders=2",
    "allow_coefficient_sign_inversion=2",
    "timeout=300"
  ],
  "returncode": 0,
  "satcmm_duration_seconds": 56.835638388991356,
  "analyzer_duration_seconds": 0.011338979005813599,
  "mux_cost": 9,
  "adder_graph_found": true
}