{
  "targets": "10|1300|1888|123|98|262|642|1976|60|1276|1544|37|1096|2562|20|137|3966|444|2016|1279|2052|1935|1600|2559|3842|1188|3906|3855|472|1985|242|1089",
  "satcmm_args": [
    "/home/bbarbe/exe/satcmm",
    "10|1300|1888|123|98|262|642|1976|60|1276|1544|37|1096|2562|20|137|3966|444|2016|1279|2052|1935|1600|2559|3842|1188|3906|3855|472|1985|242|1089",
    "allow_negative_coefficients=1",
    "solver_name=executable",
    "executable_binary=/home/bbarbe/exe/kissat",
    "min_num_adders=2",
    "max_num_adders=2",
    "allow_coefficient_sign_inversion=2"
  ],
  "returncode": 1,
  "satcmm_duration_seconds": 145.69091450516135,
  "analyzer_duration_seconds": 0.012536137364804745,
  "mux_cost": 22,
  "adder_graph_found": true,
  "killed_by_timeout": false
}