{
  "targets": "17|114|23|19|61|122|60|21|95|105|32|12|113|126|88|70|50|81|13|55|71|54|80|37|9|31|66|49|99|34|38|75",
  "satcmm_args": [
    "/home/bbarbe/exe/satcmm",
    "17|114|23|19|61|122|60|21|95|105|32|12|113|126|88|70|50|81|13|55|71|54|80|37|9|31|66|49|99|34|38|75",
    "allow_negative_coefficients=1",
    "solver_name=executable",
    "executable_binary=/home/bbarbe/exe/kissat",
    "min_num_adders=2",
    "max_num_adders=2",
    "allow_coefficient_sign_inversion=2"
  ],
  "returncode": 0,
  "satcmm_duration_seconds": 294.24423243291676,
  "analyzer_duration_seconds": 0.012773883529007435,
  "mux_cost": 8,
  "adder_graph_found": true,
  "killed_by_timeout": false
}