{
  "targets": "1019|19|247|894|258|140|1020|382|105|386|638|1012|769|320|228|170",
  "satcmm_args": [
    "/home/bbarbe/exe/satcmm",
    "1019|19|247|894|258|140|1020|382|105|386|638|1012|769|320|228|170",
    "allow_negative_coefficients=1",
    "solver_name=executable",
    "executable_binary=/home/bbarbe/exe/kissat",
    "min_num_adders=2",
    "max_num_adders=2",
    "allow_coefficient_sign_inversion=2",
    "timeout=300"
  ],
  "returncode": 0,
  "satcmm_duration_seconds": 107.70461388211697,
  "analyzer_duration_seconds": 0.01128413062542677,
  "mux_cost": 9,
  "adder_graph_found": true
}