{
  "targets": "1008|38|189|513|388|231|194|88|514|476|272|544|889|37|434|336|249|34|630|492|258|552|145|509|495|680|128|9|526|660|767|159|276|46|991|225|16|968|79|478|1023|378|68|1019|60|516|196|340|78|210|146|620|568|500|118|80|63|912|518|289|144|382|41|456|50|360|28|216|132|644|74|641|527|897|1010|988|253|545|368|161|517|612|992|945|896|480|765|13|635|520|465|7|572|976|524|540|769|120|220|1007|164|15|900|124|1|300|105|93|130|561|104|448|594|322|385|888|244|528|780|18|532|47|310|72|416|81|964|123|325|55|479|576|508|578|195|208|752|648|390|895|784|380|264|1017|1000|482|261|23|112|632|62|242|792|1016|642|352|42|247|567|464|162|959|396|135|511|248|114|25|924|521|133|259|168|260|292|95|503|33|131|882|1004|1006|736|29|768|240|228|75|864|142|608|321|180|962|125|762|287|21|645|136|184|638|306|304|22|19|447|880|45|324|383|958|0|3|384|868|238|376|257|58|530|51|328|39|558|265|252|720|639|127|449|126|816|1022|315|952|452|498|49|392|65|246|6|222|241|1021|20|239|158|98|462|102|774|186|312|148",
  "satcmm_args": [
    "/home/bbarbe/exe/satcmm",
    "1008|38|189|513|388|231|194|88|514|476|272|544|889|37|434|336|249|34|630|492|258|552|145|509|495|680|128|9|526|660|767|159|276|46|991|225|16|968|79|478|1023|378|68|1019|60|516|196|340|78|210|146|620|568|500|118|80|63|912|518|289|144|382|41|456|50|360|28|216|132|644|74|641|527|897|1010|988|253|545|368|161|517|612|992|945|896|480|765|13|635|520|465|7|572|976|524|540|769|120|220|1007|164|15|900|124|1|300|105|93|130|561|104|448|594|322|385|888|244|528|780|18|532|47|310|72|416|81|964|123|325|55|479|576|508|578|195|208|752|648|390|895|784|380|264|1017|1000|482|261|23|112|632|62|242|792|1016|642|352|42|247|567|464|162|959|396|135|511|248|114|25|924|521|133|259|168|260|292|95|503|33|131|882|1004|1006|736|29|768|240|228|75|864|142|608|321|180|962|125|762|287|21|645|136|184|638|306|304|22|19|447|880|45|324|383|958|0|3|384|868|238|376|257|58|530|51|328|39|558|265|252|720|639|127|449|126|816|1022|315|952|452|498|49|392|65|246|6|222|241|1021|20|239|158|98|462|102|774|186|312|148",
    "allow_negative_coefficients=1",
    "solver_name=executable",
    "executable_binary=/home/bbarbe/exe/kissat",
    "min_num_adders=2",
    "max_num_adders=2",
    "allow_coefficient_sign_inversion=2"
  ],
  "returncode": -9,
  "satcmm_duration_seconds": 600.1068170731887,
  "analyzer_duration_seconds": 0.014943314716219902,
  "mux_cost": 81,
  "adder_graph_found": true,
  "killed_by_timeout": true
}