{
  "runs": 100,
  "avg_satcmm_runtime_seconds": 0.46829803195782005,
  "avg_analyzer_runtime_seconds": 0.010583578804507852,
  "avg_mux_cost": 3.21
}