{
  "targets": "153|254|113|190|253|137|63|192|143|223|236|189|184|60|158|159",
  "satcmm_args": [
    "/home/bbarbe/exe/satcmm",
    "153|254|113|190|253|137|63|192|143|223|236|189|184|60|158|159",
    "allow_negative_coefficients=1",
    "solver_name=executable",
    "executable_binary=/home/bbarbe/exe/kissat",
    "min_num_adders=2",
    "max_num_adders=2",
    "allow_coefficient_sign_inversion=2",
    "timeout=300"
  ],
  "returncode": 0,
  "satcmm_duration_seconds": 25.391281640157104,
  "analyzer_duration_seconds": 0.01136860903352499,
  "mux_cost": 8,
  "adder_graph_found": true
}