{
  "targets": "993|2063|2544|1275|76|1950|2336|3870|600|3856|4028|1520|250|840|1160|638",
  "satcmm_args": [
    "/home/bbarbe/exe/satcmm",
    "993|2063|2544|1275|76|1950|2336|3870|600|3856|4028|1520|250|840|1160|638",
    "allow_negative_coefficients=1",
    "solver_name=executable",
    "executable_binary=/home/bbarbe/exe/kissat",
    "min_num_adders=2",
    "max_num_adders=2",
    "allow_coefficient_sign_inversion=2",
    "timeout=300"
  ],
  "returncode": 0,
  "satcmm_duration_seconds": 307.8064506398514,
  "analyzer_duration_seconds": 0.011310748755931854,
  "mux_cost": 11,
  "adder_graph_found": true
}