{
  "targets": "253|17|180|193|248|208|44|143|104|54|65|4|120|75|70|142|13|112|244|26|146|34|92|105|204|124|222|37|16|21|191|119",
  "satcmm_args": [
    "/home/bbarbe/exe/satcmm",
    "253|17|180|193|248|208|44|143|104|54|65|4|120|75|70|142|13|112|244|26|146|34|92|105|204|124|222|37|16|21|191|119",
    "allow_negative_coefficients=1",
    "solver_name=executable",
    "executable_binary=/home/bbarbe/exe/kissat",
    "min_num_adders=2",
    "max_num_adders=2",
    "allow_coefficient_sign_inversion=2"
  ],
  "returncode": 0,
  "satcmm_duration_seconds": 387.5449709119275,
  "analyzer_duration_seconds": 0.012730355374515057,
  "mux_cost": 8,
  "adder_graph_found": true,
  "killed_by_timeout": false
}