{
  "runs": 100,
  "avg_satcmm_runtime_seconds": 371.3496990878228,
  "avg_analyzer_runtime_seconds": 0.011300554340705276,
  "avg_mux_cost": 9.83
}