{
  "targets": "1778|3060|1054|1280|1148|1584|88|478|1279|325|315|284|400|526|2054|75",
  "satcmm_args": [
    "/home/bbarbe/exe/satcmm",
    "1778|3060|1054|1280|1148|1584|88|478|1279|325|315|284|400|526|2054|75",
    "allow_negative_coefficients=1",
    "solver_name=executable",
    "executable_binary=/home/bbarbe/exe/kissat",
    "min_num_adders=2",
    "max_num_adders=2",
    "allow_coefficient_sign_inversion=2",
    "timeout=300"
  ],
  "returncode": 0,
  "satcmm_duration_seconds": 80.81839510891587,
  "analyzer_duration_seconds": 0.01113653089851141,
  "mux_cost": 10,
  "adder_graph_found": true
}