{
  "runs": 15,
  "avg_satcmm_runtime_seconds": 562.0778596770018,
  "avg_analyzer_runtime_seconds": 0.013817585738641875,
  "avg_mux_cost": 76.57142857142857,
  "killed_by_timeout": 14
}