{
  "targets": "180|639|575|105|297|385|93|585|134|186|720|36|512|204|482|99",
  "satcmm_args": [
    "/home/bbarbe/exe/satcmm",
    "180|639|575|105|297|385|93|585|134|186|720|36|512|204|482|99",
    "allow_negative_coefficients=1",
    "solver_name=executable",
    "executable_binary=/home/bbarbe/exe/kissat",
    "min_num_adders=2",
    "max_num_adders=2",
    "allow_coefficient_sign_inversion=2",
    "timeout=300"
  ],
  "returncode": 0,
  "satcmm_duration_seconds": 38.011559365317225,
  "analyzer_duration_seconds": 0.011177245527505875,
  "mux_cost": 8,
  "adder_graph_found": true
}