{
  "targets": "252|776|996|188|594|897|892|527|108|85|273|624|572|574|497|75|771|306|131|192|71|645|47|1006|580|382|512|529|196|1014|34|11|360|112|24|105|496|975|516|104|336|896|208|268|98|514|455|249|21|48|650|952|328|962|88|330|78|636|585|924|319|517|70|132|198|312|35|51|444|544|449|784|635|416|494|116|560|8|578|231|764|792|481|258|164|5|271|44|220|292|216|532|49|25|4|513|1022|40|126|736|378|180|561|23|226|567|222|656|584|1008|184|94|80|262|238|984|246|505|1023|195|889|189|612|526|186|506|200|640",
  "satcmm_args": [
    "/home/bbarbe/exe/satcmm",
    "252|776|996|188|594|897|892|527|108|85|273|624|572|574|497|75|771|306|131|192|71|645|47|1006|580|382|512|529|196|1014|34|11|360|112|24|105|496|975|516|104|336|896|208|268|98|514|455|249|21|48|650|952|328|962|88|330|78|636|585|924|319|517|70|132|198|312|35|51|444|544|449|784|635|416|494|116|560|8|578|231|764|792|481|258|164|5|271|44|220|292|216|532|49|25|4|513|1022|40|126|736|378|180|561|23|226|567|222|656|584|1008|184|94|80|262|238|984|246|505|1023|195|889|189|612|526|186|506|200|640",
    "allow_negative_coefficients=1",
    "solver_name=executable",
    "executable_binary=/home/bbarbe/exe/kissat",
    "min_num_adders=2",
    "max_num_adders=2",
    "allow_coefficient_sign_inversion=2"
  ],
  "returncode": -9,
  "satcmm_duration_seconds": 600.0445086862892,
  "analyzer_duration_seconds": 0.012439611367881298,
  "mux_cost": 68,
  "adder_graph_found": true,
  "killed_by_timeout": true
}