{
  "targets": "519|543|9|882|153|585|270|400|12|228|51|765|387|744|383|1015|232|511|578|318|962|48|110|992|498|567|382|224|72|22|52|220|446|479|520|161|770|168|18|3|47|78|420|20|645|964|672|561|1|577|762|572|300|247|252|242|180|1008|1021|784|527|1012|144|190|336|660|767|513|143|380|7|516|188|864|132|310|888|316|61|492|108|392|225|574|514|530|272|959|29|306|680|100|464|328|210|116|620|74|1004|140|736|545|1017|70|372|130|15|644|57|46|226|231|984|315|776|95|88|25|67|772|111|222|76|540|552|632|284|194",
  "satcmm_args": [
    "/home/bbarbe/exe/satcmm",
    "519|543|9|882|153|585|270|400|12|228|51|765|387|744|383|1015|232|511|578|318|962|48|110|992|498|567|382|224|72|22|52|220|446|479|520|161|770|168|18|3|47|78|420|20|645|964|672|561|1|577|762|572|300|247|252|242|180|1008|1021|784|527|1012|144|190|336|660|767|513|143|380|7|516|188|864|132|310|888|316|61|492|108|392|225|574|514|530|272|959|29|306|680|100|464|328|210|116|620|74|1004|140|736|545|1017|70|372|130|15|644|57|46|226|231|984|315|776|95|88|25|67|772|111|222|76|540|552|632|284|194",
    "allow_negative_coefficients=1",
    "solver_name=executable",
    "executable_binary=/home/bbarbe/exe/kissat",
    "min_num_adders=2",
    "max_num_adders=2",
    "allow_coefficient_sign_inversion=2"
  ],
  "returncode": -9,
  "satcmm_duration_seconds": 600.1033260151744,
  "analyzer_duration_seconds": 0.012763533741235733,
  "mux_cost": 61,
  "adder_graph_found": true,
  "killed_by_timeout": true
}