{
  "targets": "97|894|495|217|223|1014|318|976|290|62|519|1|105|265|964|680",
  "satcmm_args": [
    "/home/bbarbe/exe/satcmm",
    "97|894|495|217|223|1014|318|976|290|62|519|1|105|265|964|680",
    "allow_negative_coefficients=1",
    "solver_name=executable",
    "executable_binary=/home/bbarbe/exe/kissat",
    "min_num_adders=2",
    "max_num_adders=2",
    "allow_coefficient_sign_inversion=2",
    "timeout=300"
  ],
  "returncode": 0,
  "satcmm_duration_seconds": 37.5503223836422,
  "analyzer_duration_seconds": 0.011440621688961983,
  "mux_cost": 9,
  "adder_graph_found": true
}