{
  "targets": "162|898|220|31|1552|2168|1542|504|1168|1270|3848|3068|2368|46|270|69",
  "satcmm_args": [
    "/home/bbarbe/exe/satcmm",
    "162|898|220|31|1552|2168|1542|504|1168|1270|3848|3068|2368|46|270|69",
    "allow_negative_coefficients=1",
    "solver_name=executable",
    "executable_binary=/home/bbarbe/exe/kissat",
    "min_num_adders=2",
    "max_num_adders=2",
    "allow_coefficient_sign_inversion=2",
    "timeout=300"
  ],
  "returncode": 0,
  "satcmm_duration_seconds": 128.40531626995653,
  "analyzer_duration_seconds": 0.01131478138267994,
  "mux_cost": 10,
  "adder_graph_found": true
}