{
  "targets": "1552|1039|3969|3024|315|543|1584|319|546|14|1284|240|78|650|159|336",
  "satcmm_args": [
    "/home/bbarbe/exe/satcmm",
    "1552|1039|3969|3024|315|543|1584|319|546|14|1284|240|78|650|159|336",
    "allow_negative_coefficients=1",
    "solver_name=executable",
    "executable_binary=/home/bbarbe/exe/kissat",
    "min_num_adders=2",
    "max_num_adders=2",
    "allow_coefficient_sign_inversion=2",
    "timeout=300"
  ],
  "returncode": 0,
  "satcmm_duration_seconds": 292.91633625049144,
  "analyzer_duration_seconds": 0.011199352331459522,
  "mux_cost": 10,
  "adder_graph_found": true
}