{
  "runs": 15,
  "avg_runtime_seconds": 600.0970363150041,
  "costs": {
    "fpga_delay": "not available",
    "area_cost": 6642.733333333334,
    "luts": 446.26666666666665,
    "mux_bits": 12.266666666666667,
    "mux_count": 11.933333333333334,
    "asic_delay": "not available"
  }
}