{
  "runs": 100,
  "avg_satcmm_runtime_seconds": 10.864753649020567,
  "avg_analyzer_runtime_seconds": 0.011119735212996602,
  "avg_mux_cost": 4.07
}