{
  "targets": "388|158|444|1004|868|130|273|30|71|59|128|35|122|624|639|190",
  "satcmm_args": [
    "/home/bbarbe/exe/satcmm",
    "388|158|444|1004|868|130|273|30|71|59|128|35|122|624|639|190",
    "allow_negative_coefficients=1",
    "solver_name=executable",
    "executable_binary=/home/bbarbe/exe/kissat",
    "min_num_adders=2",
    "max_num_adders=2",
    "allow_coefficient_sign_inversion=2",
    "timeout=300"
  ],
  "returncode": 0,
  "satcmm_duration_seconds": 73.40898190811276,
  "analyzer_duration_seconds": 0.011377211660146713,
  "mux_cost": 9,
  "adder_graph_found": true
}