{
  "targets": "96|2008|45|1056|455|3720|1540|868|25|2528|72|68|2272|320|198|889",
  "satcmm_args": [
    "/home/bbarbe/exe/satcmm",
    "96|2008|45|1056|455|3720|1540|868|25|2528|72|68|2272|320|198|889",
    "allow_negative_coefficients=1",
    "solver_name=executable",
    "executable_binary=/home/bbarbe/exe/kissat",
    "min_num_adders=2",
    "max_num_adders=2",
    "allow_coefficient_sign_inversion=2",
    "timeout=300"
  ],
  "returncode": 0,
  "satcmm_duration_seconds": 456.00908083841205,
  "analyzer_duration_seconds": 0.011264139786362648,
  "mux_cost": 9,
  "adder_graph_found": true
}