{
  "targets": "58|28|49|33|55|0|34|30|19|37|20|54|27|50|62|16|18|36|25|60|9|45|22|40|35|26|59|56|63|14|1|10",
  "satcmm_args": [
    "/home/bbarbe/exe/satcmm",
    "58|28|49|33|55|0|34|30|19|37|20|54|27|50|62|16|18|36|25|60|9|45|22|40|35|26|59|56|63|14|1|10",
    "allow_negative_coefficients=1",
    "solver_name=executable",
    "executable_binary=/home/bbarbe/exe/kissat",
    "min_num_adders=2",
    "max_num_adders=2",
    "allow_coefficient_sign_inversion=2"
  ],
  "returncode": 0,
  "satcmm_duration_seconds": 308.1426264476031,
  "analyzer_duration_seconds": 0.011992467567324638,
  "mux_cost": 6,
  "adder_graph_found": true,
  "killed_by_timeout": false
}