{
  "targets": "1248|289|274|498|3576|2172|72|63|2552|2050|76|462|288|576|74|1276|1888|322|2060|764|3612|93|3072|193|224|2480|3080|546|2816|240|222|2111|3040|2047|1968|465|1808|4088|766|762|226|889|600|3264|42|505|1728|2058|3838|774|3999|1023|4064|0|508|1029|121|2030|1300|484|2286|1007|79|3064|2184|4036|519|1058|928|1020|3056|524|2108|81|368|3570|1188|1041|502|1275|3855|1799|2120|592|3582|3616|1548|320|84|585|270|263|1260|868|104|4080|1552|3200|1240|1019|574|3960|440|248|510|1281|2305|54|959|3964|800|526|88|1560|249|3842|3074|930|2044|3839|2052|2322|4094|1034|1057|188|2000|1985",
  "satcmm_args": [
    "/home/bbarbe/exe/satcmm",
    "1248|289|274|498|3576|2172|72|63|2552|2050|76|462|288|576|74|1276|1888|322|2060|764|3612|93|3072|193|224|2480|3080|546|2816|240|222|2111|3040|2047|1968|465|1808|4088|766|762|226|889|600|3264|42|505|1728|2058|3838|774|3999|1023|4064|0|508|1029|121|2030|1300|484|2286|1007|79|3064|2184|4036|519|1058|928|1020|3056|524|2108|81|368|3570|1188|1041|502|1275|3855|1799|2120|592|3582|3616|1548|320|84|585|270|263|1260|868|104|4080|1552|3200|1240|1019|574|3960|440|248|510|1281|2305|54|959|3964|800|526|88|1560|249|3842|3074|930|2044|3839|2052|2322|4094|1034|1057|188|2000|1985",
    "allow_negative_coefficients=1",
    "solver_name=executable",
    "executable_binary=/home/bbarbe/exe/kissat",
    "min_num_adders=2",
    "max_num_adders=2",
    "allow_coefficient_sign_inversion=2"
  ],
  "returncode": -9,
  "satcmm_duration_seconds": 600.1039837719873,
  "analyzer_duration_seconds": 0.013664060272276402,
  "mux_cost": 82,
  "adder_graph_found": true,
  "killed_by_timeout": true
}