{
  "targets": "448|1264|79|253|11|704|296|530|68|650|2008|488|2039|137|318|924",
  "satcmm_args": [
    "/home/bbarbe/exe/satcmm",
    "448|1264|79|253|11|704|296|530|68|650|2008|488|2039|137|318|924",
    "allow_negative_coefficients=1",
    "solver_name=executable",
    "executable_binary=/home/bbarbe/exe/kissat",
    "min_num_adders=2",
    "max_num_adders=2",
    "allow_coefficient_sign_inversion=2",
    "timeout=300"
  ],
  "returncode": 0,
  "satcmm_duration_seconds": 43.21636881586164,
  "analyzer_duration_seconds": 0.011491596698760986,
  "mux_cost": 10,
  "adder_graph_found": true
}