{
  "targets": "1052|125|952|4081|1824|2052|2400|543|2079|1010|2088|3598|2056|3999|2303|118|630|3264|330|2561|67|340|2175|576|287|2|516|816|152|204|898|511|3456|61|2320|35|3585|1184|1764|3048|2562|1282|45|3825|868|1018|1537|521|903|896|135|54|3068|2520|520|3076|1055|1976|744|1918|68|2688|928|131|3967|2064|1912|279|1540|2640|1041|240|316|336|650|961|180|2210|2066|1020|99|2570|390|2084|450|1089|993|5|122|2144|1794|532|612|94|3616|4032|2208|2288|552|1916|558|990|568|3024|2340|360|1150|3008|1168|1524|184|318|325|2568|766|1472|25|4087|464|3937|2159|60|2177|1248|381|250|1985|236",
  "satcmm_args": [
    "/home/bbarbe/exe/satcmm",
    "1052|125|952|4081|1824|2052|2400|543|2079|1010|2088|3598|2056|3999|2303|118|630|3264|330|2561|67|340|2175|576|287|2|516|816|152|204|898|511|3456|61|2320|35|3585|1184|1764|3048|2562|1282|45|3825|868|1018|1537|521|903|896|135|54|3068|2520|520|3076|1055|1976|744|1918|68|2688|928|131|3967|2064|1912|279|1540|2640|1041|240|316|336|650|961|180|2210|2066|1020|99|2570|390|2084|450|1089|993|5|122|2144|1794|532|612|94|3616|4032|2208|2288|552|1916|558|990|568|3024|2340|360|1150|3008|1168|1524|184|318|325|2568|766|1472|25|4087|464|3937|2159|60|2177|1248|381|250|1985|236",
    "allow_negative_coefficients=1",
    "solver_name=executable",
    "executable_binary=/home/bbarbe/exe/kissat",
    "min_num_adders=2",
    "max_num_adders=2",
    "allow_coefficient_sign_inversion=2"
  ],
  "returncode": -9,
  "satcmm_duration_seconds": 600.1030402882025,
  "analyzer_duration_seconds": 0.013702409341931343,
  "mux_cost": 75,
  "adder_graph_found": true,
  "killed_by_timeout": true
}