{
  "targets": "22|111|153|224|37|142|74|223|110|72|145|100|52|216|144|118",
  "satcmm_args": [
    "/home/bbarbe/exe/satcmm",
    "22|111|153|224|37|142|74|223|110|72|145|100|52|216|144|118",
    "allow_negative_coefficients=1",
    "solver_name=executable",
    "executable_binary=/home/bbarbe/exe/kissat",
    "min_num_adders=2",
    "max_num_adders=2",
    "allow_coefficient_sign_inversion=2",
    "timeout=300"
  ],
  "returncode": 0,
  "satcmm_duration_seconds": 59.21289267670363,
  "analyzer_duration_seconds": 0.011109779588878155,
  "mux_cost": 7,
  "adder_graph_found": true
}