{
  "targets": "521|420|650|392|639|253|552|560|500|903|1015|991|509|993|450|520",
  "satcmm_args": [
    "/home/bbarbe/exe/satcmm",
    "521|420|650|392|639|253|552|560|500|903|1015|991|509|993|450|520",
    "allow_negative_coefficients=1",
    "solver_name=executable",
    "executable_binary=/home/bbarbe/exe/kissat",
    "min_num_adders=2",
    "max_num_adders=2",
    "allow_coefficient_sign_inversion=2",
    "timeout=300"
  ],
  "returncode": 0,
  "satcmm_duration_seconds": 24.997979862615466,
  "analyzer_duration_seconds": 0.011367890983819962,
  "mux_cost": 8,
  "adder_graph_found": true
}