{
  "runs": 15,
  "avg_runtime_seconds": 600.1728054050357,
  "costs": {
    "fpga_delay": "not available",
    "area_cost": 10181.466666666667,
    "luts": 614.3333333333334,
    "mux_bits": 15.6,
    "mux_count": 19.6,
    "asic_delay": "not available"
  }
}