{
  "targets": "78|930|638|656|312|548|1015|640|76|515|14|594|95|168|129|51",
  "satcmm_args": [
    "/home/bbarbe/exe/satcmm",
    "78|930|638|656|312|548|1015|640|76|515|14|594|95|168|129|51",
    "allow_negative_coefficients=1",
    "solver_name=executable",
    "executable_binary=/home/bbarbe/exe/kissat",
    "min_num_adders=2",
    "max_num_adders=2",
    "allow_coefficient_sign_inversion=2",
    "timeout=300"
  ],
  "returncode": 0,
  "satcmm_duration_seconds": 263.34794838912785,
  "analyzer_duration_seconds": 0.011295326054096222,
  "mux_cost": 9,
  "adder_graph_found": true
}