{
  "targets": "300|1022|264|478|462|127|290|217|896|192|991|81|196|776|527|774",
  "satcmm_args": [
    "/home/bbarbe/exe/satcmm",
    "300|1022|264|478|462|127|290|217|896|192|991|81|196|776|527|774",
    "allow_negative_coefficients=1",
    "solver_name=executable",
    "executable_binary=/home/bbarbe/exe/kissat",
    "min_num_adders=2",
    "max_num_adders=2",
    "allow_coefficient_sign_inversion=2",
    "timeout=300"
  ],
  "returncode": 0,
  "satcmm_duration_seconds": 55.33438726235181,
  "analyzer_duration_seconds": 0.011172132566571236,
  "mux_cost": 9,
  "adder_graph_found": true
}