{
  "targets": "62|93|660|153|224|160|156|408|316|99|1021|176|832|296|71|138",
  "satcmm_args": [
    "/home/bbarbe/exe/satcmm",
    "62|93|660|153|224|160|156|408|316|99|1021|176|832|296|71|138",
    "allow_negative_coefficients=1",
    "solver_name=executable",
    "executable_binary=/home/bbarbe/exe/kissat",
    "min_num_adders=2",
    "max_num_adders=2",
    "allow_coefficient_sign_inversion=2",
    "timeout=300"
  ],
  "returncode": 0,
  "satcmm_duration_seconds": 47.506225508637726,
  "analyzer_duration_seconds": 0.011200451292097569,
  "mux_cost": 9,
  "adder_graph_found": true
}