{
  "targets": "138|390|11|236|129|36|2|10|73|540|472|432|113|319|330|260",
  "satcmm_args": [
    "/home/bbarbe/exe/satcmm",
    "138|390|11|236|129|36|2|10|73|540|472|432|113|319|330|260",
    "allow_negative_coefficients=1",
    "solver_name=executable",
    "executable_binary=/home/bbarbe/exe/kissat",
    "min_num_adders=2",
    "max_num_adders=2",
    "allow_coefficient_sign_inversion=2",
    "timeout=300"
  ],
  "returncode": 0,
  "satcmm_duration_seconds": 55.97682216577232,
  "analyzer_duration_seconds": 0.011073141358792782,
  "mux_cost": 8,
  "adder_graph_found": true
}