{
  "targets": "236|126|21|70|121|108|40|253|16|144|100|90|112|71|27|242",
  "satcmm_args": [
    "/home/bbarbe/exe/satcmm",
    "236|126|21|70|121|108|40|253|16|144|100|90|112|71|27|242",
    "allow_negative_coefficients=1",
    "solver_name=executable",
    "executable_binary=/home/bbarbe/exe/kissat",
    "min_num_adders=2",
    "max_num_adders=2",
    "allow_coefficient_sign_inversion=2",
    "timeout=300"
  ],
  "returncode": 0,
  "satcmm_duration_seconds": 17.953579769469798,
  "analyzer_duration_seconds": 0.011486528441309929,
  "mux_cost": 7,
  "adder_graph_found": true
}