{
  "targets": "264|170|324|704|125|112|30|481|33|577|444|446|95|97|48|184",
  "satcmm_args": [
    "/home/bbarbe/exe/satcmm",
    "264|170|324|704|125|112|30|481|33|577|444|446|95|97|48|184",
    "allow_negative_coefficients=1",
    "solver_name=executable",
    "executable_binary=/home/bbarbe/exe/kissat",
    "min_num_adders=2",
    "max_num_adders=2",
    "allow_coefficient_sign_inversion=2",
    "timeout=300"
  ],
  "returncode": 0,
  "satcmm_duration_seconds": 87.85482871066779,
  "analyzer_duration_seconds": 0.01137904729694128,
  "mux_cost": 8,
  "adder_graph_found": true
}