{
  "targets": "81|145|28|12|239|162|119|52|135|71|180|137|31|17|110|131",
  "satcmm_args": [
    "/home/bbarbe/exe/satcmm",
    "81|145|28|12|239|162|119|52|135|71|180|137|31|17|110|131",
    "allow_negative_coefficients=1",
    "solver_name=executable",
    "executable_binary=/home/bbarbe/exe/kissat",
    "min_num_adders=2",
    "max_num_adders=2",
    "allow_coefficient_sign_inversion=2",
    "timeout=300"
  ],
  "returncode": 0,
  "satcmm_duration_seconds": 16.106707162223756,
  "analyzer_duration_seconds": 0.011065950617194176,
  "mux_cost": 7,
  "adder_graph_found": true
}