{
  "targets": "14|159|220|247|29|44|22|63|127|8|153|27|39|49|116|32|143|78|76|99|17|66|30|102|145|68|155|62|33|95|113|188|31|4|184|35|74|195|23|85|130|0|20|42|72|57|61|190|146|251|224|38|134|59|98|122|170|189|225|64|242|191|144|6|168|238|65|123|2|60|105|11|37|5|7|208|248|193|25|100|135|158|217|120|56|97|46|41|228|150|84|126|236|13|111|21|55|200|104|24|82|118|96|129|79|196|128|226|186|125|26|16|194|10|136|222|3|164|1|240|162|58|12|255|52|40|239|140",
  "satcmm_args": [
    "/home/bbarbe/exe/satcmm",
    "14|159|220|247|29|44|22|63|127|8|153|27|39|49|116|32|143|78|76|99|17|66|30|102|145|68|155|62|33|95|113|188|31|4|184|35|74|195|23|85|130|0|20|42|72|57|61|190|146|251|224|38|134|59|98|122|170|189|225|64|242|191|144|6|168|238|65|123|2|60|105|11|37|5|7|208|248|193|25|100|135|158|217|120|56|97|46|41|228|150|84|126|236|13|111|21|55|200|104|24|82|118|96|129|79|196|128|226|186|125|26|16|194|10|136|222|3|164|1|240|162|58|12|255|52|40|239|140",
    "allow_negative_coefficients=1",
    "solver_name=executable",
    "executable_binary=/home/bbarbe/exe/kissat",
    "min_num_adders=2",
    "max_num_adders=2",
    "allow_coefficient_sign_inversion=2"
  ],
  "returncode": -9,
  "satcmm_duration_seconds": 600.1027108523995,
  "analyzer_duration_seconds": 0.014024493284523487,
  "mux_cost": 70,
  "adder_graph_found": true,
  "killed_by_timeout": true
}