{
  "targets": "254|752|155|608|1408|208|328|176|2640|765|4065|3069|1760|123|44|1088",
  "satcmm_args": [
    "/home/bbarbe/exe/satcmm",
    "254|752|155|608|1408|208|328|176|2640|765|4065|3069|1760|123|44|1088",
    "allow_negative_coefficients=1",
    "solver_name=executable",
    "executable_binary=/home/bbarbe/exe/kissat",
    "min_num_adders=2",
    "max_num_adders=2",
    "allow_coefficient_sign_inversion=2",
    "timeout=300"
  ],
  "returncode": 0,
  "satcmm_duration_seconds": 109.24899950437248,
  "analyzer_duration_seconds": 0.011502597481012344,
  "mux_cost": 10,
  "adder_graph_found": true
}