{
  "runs": 15,
  "avg_satcmm_runtime_seconds": 548.7561888024832,
  "avg_analyzer_runtime_seconds": 0.01294142207396882,
  "avg_mux_cost": 23.857142857142858,
  "killed_by_timeout": 13
}