{
  "targets": "3972|1632|507|478|3844|1036|641|3104|744|2976|3585|220|772|27|1360|904",
  "satcmm_args": [
    "/home/bbarbe/exe/satcmm",
    "3972|1632|507|478|3844|1036|641|3104|744|2976|3585|220|772|27|1360|904",
    "allow_negative_coefficients=1",
    "solver_name=executable",
    "executable_binary=/home/bbarbe/exe/kissat",
    "min_num_adders=2",
    "max_num_adders=2",
    "allow_coefficient_sign_inversion=2",
    "timeout=300"
  ],
  "returncode": 0,
  "satcmm_duration_seconds": 202.08361202012748,
  "analyzer_duration_seconds": 0.011303281411528587,
  "mux_cost": 10,
  "adder_graph_found": true
}