{
  "targets": "1542|2028|40|1524|4031|319|324|2400|1792|160|1033|2192|994|3872|520|189",
  "satcmm_args": [
    "/home/bbarbe/exe/satcmm",
    "1542|2028|40|1524|4031|319|324|2400|1792|160|1033|2192|994|3872|520|189",
    "allow_negative_coefficients=1",
    "solver_name=executable",
    "executable_binary=/home/bbarbe/exe/kissat",
    "min_num_adders=2",
    "max_num_adders=2",
    "allow_coefficient_sign_inversion=2",
    "timeout=300"
  ],
  "returncode": 0,
  "satcmm_duration_seconds": 349.33206286933273,
  "analyzer_duration_seconds": 0.011065511032938957,
  "mux_cost": 10,
  "adder_graph_found": true
}