{
  "targets": "280|3528|2192|248|2053|1033|509|767|2055|3084|2565|300|3839|462|56|960",
  "satcmm_args": [
    "/home/bbarbe/exe/satcmm",
    "280|3528|2192|248|2053|1033|509|767|2055|3084|2565|300|3839|462|56|960",
    "allow_negative_coefficients=1",
    "solver_name=executable",
    "executable_binary=/home/bbarbe/exe/kissat",
    "min_num_adders=2",
    "max_num_adders=2",
    "allow_coefficient_sign_inversion=2",
    "timeout=300"
  ],
  "returncode": 0,
  "satcmm_duration_seconds": 62.97169315814972,
  "analyzer_duration_seconds": 0.011224365793168545,
  "mux_cost": 10,
  "adder_graph_found": true
}