{
  "targets": "10|170|241|180|200|35|110|188|93|28|156|50|192|118|33|252",
  "satcmm_args": [
    "/home/bbarbe/exe/satcmm",
    "10|170|241|180|200|35|110|188|93|28|156|50|192|118|33|252",
    "allow_negative_coefficients=1",
    "solver_name=executable",
    "executable_binary=/home/bbarbe/exe/kissat",
    "min_num_adders=2",
    "max_num_adders=2",
    "allow_coefficient_sign_inversion=2",
    "timeout=300"
  ],
  "returncode": 0,
  "satcmm_duration_seconds": 88.86794419400394,
  "analyzer_duration_seconds": 0.01144529227167368,
  "mux_cost": 8,
  "adder_graph_found": true
}