{
  "targets": "134|1240|480|2340|273|164|2056|316|2110|641|924|2053|54|250|1016|66",
  "satcmm_args": [
    "/home/bbarbe/exe/satcmm",
    "134|1240|480|2340|273|164|2056|316|2110|641|924|2053|54|250|1016|66",
    "allow_negative_coefficients=1",
    "solver_name=executable",
    "executable_binary=/home/bbarbe/exe/kissat",
    "min_num_adders=2",
    "max_num_adders=2",
    "allow_coefficient_sign_inversion=2",
    "timeout=300"
  ],
  "returncode": 0,
  "satcmm_duration_seconds": 526.2579548591748,
  "analyzer_duration_seconds": 0.011156554333865643,
  "mux_cost": 10,
  "adder_graph_found": true
}