{
  "targets": "488|116|1004|752|1010|2065|1785|520|2078|238|680|122|580|2084|3040|1799",
  "satcmm_args": [
    "/home/bbarbe/exe/satcmm",
    "488|116|1004|752|1010|2065|1785|520|2078|238|680|122|580|2084|3040|1799",
    "allow_negative_coefficients=1",
    "solver_name=executable",
    "executable_binary=/home/bbarbe/exe/kissat",
    "min_num_adders=2",
    "max_num_adders=2",
    "allow_coefficient_sign_inversion=2",
    "timeout=300"
  ],
  "returncode": 0,
  "satcmm_duration_seconds": 73.20745173376054,
  "analyzer_duration_seconds": 0.01098757702857256,
  "mux_cost": 9,
  "adder_graph_found": true
}