{
  "targets": "576|2565|446|9|1270|1016|246|2268|133|2008|2552|1533|546|3060|4079|1033|2168|137|522|1560|3964|2559|1044|2111|254|2448|2160|3070|1|2180|200|2432|1800|3071|2084|2079|1983|2192|545|1143|2078|123|1184|2210|3584|641|958|3967|892|3836|2024|2081|122|558|368|3972|620|494|384|95|386|286|952|1161|1472|99|125|204|6|1918|4095|1086|520|19|63|1000|2720|296|2306|2110|3839|3808|226|4093|2056|536|752|68|2208|3068|47|32|1320|3084|1281|2014|26|440|792|772|502|195|192|4024|496|279|3570|1552|250|2047|1022|1090|1031|59|1824|160|271|504|544|312|4084|300|530|481|1408|895|4|434",
  "satcmm_args": [
    "/home/bbarbe/exe/satcmm",
    "576|2565|446|9|1270|1016|246|2268|133|2008|2552|1533|546|3060|4079|1033|2168|137|522|1560|3964|2559|1044|2111|254|2448|2160|3070|1|2180|200|2432|1800|3071|2084|2079|1983|2192|545|1143|2078|123|1184|2210|3584|641|958|3967|892|3836|2024|2081|122|558|368|3972|620|494|384|95|386|286|952|1161|1472|99|125|204|6|1918|4095|1086|520|19|63|1000|2720|296|2306|2110|3839|3808|226|4093|2056|536|752|68|2208|3068|47|32|1320|3084|1281|2014|26|440|792|772|502|195|192|4024|496|279|3570|1552|250|2047|1022|1090|1031|59|1824|160|271|504|544|312|4084|300|530|481|1408|895|4|434",
    "allow_negative_coefficients=1",
    "solver_name=executable",
    "executable_binary=/home/bbarbe/exe/kissat",
    "min_num_adders=2",
    "max_num_adders=2",
    "allow_coefficient_sign_inversion=2"
  ],
  "returncode": -9,
  "satcmm_duration_seconds": 600.1031774915755,
  "analyzer_duration_seconds": 0.013979494571685791,
  "mux_cost": 79,
  "adder_graph_found": true,
  "killed_by_timeout": true
}