{
  "targets": "112|1007|127|638|400|864|543|70|767|492|1000|228|204|280|67|98",
  "satcmm_args": [
    "/home/bbarbe/exe/satcmm",
    "112|1007|127|638|400|864|543|70|767|492|1000|228|204|280|67|98",
    "allow_negative_coefficients=1",
    "solver_name=executable",
    "executable_binary=/home/bbarbe/exe/kissat",
    "min_num_adders=2",
    "max_num_adders=2",
    "allow_coefficient_sign_inversion=2",
    "timeout=300"
  ],
  "returncode": 0,
  "satcmm_duration_seconds": 130.1897483272478,
  "analyzer_duration_seconds": 0.011145086959004402,
  "mux_cost": 9,
  "adder_graph_found": true
}