{
  "targets": "744|4078|1856|500|3584|52|1760|2112|2520|1278|1296|3966|79|82|142|3168",
  "satcmm_args": [
    "/home/bbarbe/exe/satcmm",
    "744|4078|1856|500|3584|52|1760|2112|2520|1278|1296|3966|79|82|142|3168",
    "allow_negative_coefficients=1",
    "solver_name=executable",
    "executable_binary=/home/bbarbe/exe/kissat",
    "min_num_adders=2",
    "max_num_adders=2",
    "allow_coefficient_sign_inversion=2",
    "timeout=300"
  ],
  "returncode": 0,
  "satcmm_duration_seconds": 238.70292390417308,
  "analyzer_duration_seconds": 0.011299402453005314,
  "mux_cost": 10,
  "adder_graph_found": true
}