{
  "targets": "561|928|388|624|387|231|210|123|198|24|251|930|60|14|55|518|224|113|220|640|168|386|79|130|51|512|318|769|142|114|57|135",
  "satcmm_args": [
    "/home/bbarbe/exe/satcmm",
    "561|928|388|624|387|231|210|123|198|24|251|930|60|14|55|518|224|113|220|640|168|386|79|130|51|512|318|769|142|114|57|135",
    "allow_negative_coefficients=1",
    "solver_name=executable",
    "executable_binary=/home/bbarbe/exe/kissat",
    "min_num_adders=2",
    "max_num_adders=2",
    "allow_coefficient_sign_inversion=2"
  ],
  "returncode": 1,
  "satcmm_duration_seconds": 158.3050817642361,
  "analyzer_duration_seconds": 0.012595300562679768,
  "mux_cost": 16,
  "adder_graph_found": true,
  "killed_by_timeout": false
}