{
  "targets": "156|164|15|892|505|774|472|768|1016|1019|238|274|279|400|880|894|325|958|290|517|67|161|316|143|14|960|20|514|762|159|456|16",
  "satcmm_args": [
    "/home/bbarbe/exe/satcmm",
    "156|164|15|892|505|774|472|768|1016|1019|238|274|279|400|880|894|325|958|290|517|67|161|316|143|14|960|20|514|762|159|456|16",
    "allow_negative_coefficients=1",
    "solver_name=executable",
    "executable_binary=/home/bbarbe/exe/kissat",
    "min_num_adders=2",
    "max_num_adders=2",
    "allow_coefficient_sign_inversion=2"
  ],
  "returncode": -6,
  "satcmm_duration_seconds": 28.68101399578154,
  "analyzer_duration_seconds": 0.012877739034593105,
  "mux_cost": 30,
  "adder_graph_found": true,
  "killed_by_timeout": false
}