{
  "targets": "1790|1976|37|2049|7|561|2340|2176|14|1824|223|97|1170|198|532|55",
  "satcmm_args": [
    "/home/bbarbe/exe/satcmm",
    "1790|1976|37|2049|7|561|2340|2176|14|1824|223|97|1170|198|532|55",
    "allow_negative_coefficients=1",
    "solver_name=executable",
    "executable_binary=/home/bbarbe/exe/kissat",
    "min_num_adders=2",
    "max_num_adders=2",
    "allow_coefficient_sign_inversion=2",
    "timeout=300"
  ],
  "returncode": 0,
  "satcmm_duration_seconds": 81.78511014673859,
  "analyzer_duration_seconds": 0.011076385155320168,
  "mux_cost": 10,
  "adder_graph_found": true
}