{
  "targets": "984|94|496|330|672|78|264|580|52|145|506|45|476|792|271|385|744|756|110|645|450|125|48|976|1016|568|500|160|514|90|195|513",
  "satcmm_args": [
    "/home/bbarbe/exe/satcmm",
    "984|94|496|330|672|78|264|580|52|145|506|45|476|792|271|385|744|756|110|645|450|125|48|976|1016|568|500|160|514|90|195|513",
    "allow_negative_coefficients=1",
    "solver_name=executable",
    "executable_binary=/home/bbarbe/exe/kissat",
    "min_num_adders=2",
    "max_num_adders=2",
    "allow_coefficient_sign_inversion=2"
  ],
  "returncode": -6,
  "satcmm_duration_seconds": 87.29360436368734,
  "analyzer_duration_seconds": 0.012656113132834435,
  "mux_cost": 21,
  "adder_graph_found": true,
  "killed_by_timeout": false
}