{
  "targets": "482|992|124|642|287|641|840|383|210|1009|126|962|67|638|580|321",
  "satcmm_args": [
    "/home/bbarbe/exe/satcmm",
    "482|992|124|642|287|641|840|383|210|1009|126|962|67|638|580|321",
    "allow_negative_coefficients=1",
    "solver_name=executable",
    "executable_binary=/home/bbarbe/exe/kissat",
    "min_num_adders=2",
    "max_num_adders=2",
    "allow_coefficient_sign_inversion=2",
    "timeout=300"
  ],
  "returncode": 0,
  "satcmm_duration_seconds": 37.48455507028848,
  "analyzer_duration_seconds": 0.011394546367228031,
  "mux_cost": 8,
  "adder_graph_found": true
}