{
  "targets": "44|216|127|39|79|184|142|194|156|110|152|93|6|240|50|113",
  "satcmm_args": [
    "/home/bbarbe/exe/satcmm",
    "44|216|127|39|79|184|142|194|156|110|152|93|6|240|50|113",
    "allow_negative_coefficients=1",
    "solver_name=executable",
    "executable_binary=/home/bbarbe/exe/kissat",
    "min_num_adders=2",
    "max_num_adders=2",
    "allow_coefficient_sign_inversion=2",
    "timeout=300"
  ],
  "returncode": 0,
  "satcmm_duration_seconds": 53.083307296037674,
  "analyzer_duration_seconds": 0.011041773483157158,
  "mux_cost": 7,
  "adder_graph_found": true
}