{
  "runs": 100,
  "avg_satcmm_runtime_seconds": 3.3224024735577404,
  "avg_analyzer_runtime_seconds": 0.010995116271078586,
  "avg_mux_cost": 5.29
}