{
  "targets": "3598|297|584|286|279|1240|3848|896|660|2544|1472|1|2303|2562|2210|3841",
  "satcmm_args": [
    "/home/bbarbe/exe/satcmm",
    "3598|297|584|286|279|1240|3848|896|660|2544|1472|1|2303|2562|2210|3841",
    "allow_negative_coefficients=1",
    "solver_name=executable",
    "executable_binary=/home/bbarbe/exe/kissat",
    "min_num_adders=2",
    "max_num_adders=2",
    "allow_coefficient_sign_inversion=2",
    "timeout=300"
  ],
  "returncode": 0,
  "satcmm_duration_seconds": 186.65044789388776,
  "analyzer_duration_seconds": 0.011583840474486351,
  "mux_cost": 10,
  "adder_graph_found": true
}