{
  "targets": "82|24|102|81|193|68|148|145|92|127|34|123|162|190|244|74",
  "satcmm_args": [
    "/home/bbarbe/exe/satcmm",
    "82|24|102|81|193|68|148|145|92|127|34|123|162|190|244|74",
    "allow_negative_coefficients=1",
    "solver_name=executable",
    "executable_binary=/home/bbarbe/exe/kissat",
    "min_num_adders=2",
    "max_num_adders=2",
    "allow_coefficient_sign_inversion=2",
    "timeout=300"
  ],
  "returncode": 0,
  "satcmm_duration_seconds": 19.607563819736242,
  "analyzer_duration_seconds": 0.010973120108246803,
  "mux_cost": 7,
  "adder_graph_found": true
}