{
  "targets": "530|190|36|271|16|988|325|192|12|912|72|118|592|102|324|1010|110|572|387|242|496|462|904|71|200|400|962|546|216|90|160|352|840|896|446|1017|1000|766|512|488|68|249|22|222|76|996|142|476|800|55|456|452|514|895|516|772|129|60|408|524|128|2|574|122",
  "satcmm_args": [
    "/home/bbarbe/exe/satcmm",
    "530|190|36|271|16|988|325|192|12|912|72|118|592|102|324|1010|110|572|387|242|496|462|904|71|200|400|962|546|216|90|160|352|840|896|446|1017|1000|766|512|488|68|249|22|222|76|996|142|476|800|55|456|452|514|895|516|772|129|60|408|524|128|2|574|122",
    "allow_negative_coefficients=1",
    "solver_name=executable",
    "executable_binary=/home/bbarbe/exe/kissat",
    "min_num_adders=2",
    "max_num_adders=2",
    "allow_coefficient_sign_inversion=2"
  ],
  "returncode": -9,
  "satcmm_duration_seconds": 600.0925494749099,
  "analyzer_duration_seconds": 0.013088799081742764,
  "mux_cost": 35,
  "adder_graph_found": true,
  "killed_by_timeout": true
}