{
  "targets": "124|196|513|385|12|257|67|135|90|639|770|216|21|774|265|119",
  "satcmm_args": [
    "/home/bbarbe/exe/satcmm",
    "124|196|513|385|12|257|67|135|90|639|770|216|21|774|265|119",
    "allow_negative_coefficients=1",
    "solver_name=executable",
    "executable_binary=/home/bbarbe/exe/kissat",
    "min_num_adders=2",
    "max_num_adders=2",
    "allow_coefficient_sign_inversion=2",
    "timeout=300"
  ],
  "returncode": 0,
  "satcmm_duration_seconds": 23.993496485054493,
  "analyzer_duration_seconds": 0.011042209342122078,
  "mux_cost": 8,
  "adder_graph_found": true
}