{
  "targets": "462|170|5|102|88|112|246|322|704|770|127|506|241|959|261|384|792|165|545|12|386|184|160|640|660|498|767|3|975|321|121|441",
  "satcmm_args": [
    "/home/bbarbe/exe/satcmm",
    "462|170|5|102|88|112|246|322|704|770|127|506|241|959|261|384|792|165|545|12|386|184|160|640|660|498|767|3|975|321|121|441",
    "allow_negative_coefficients=1",
    "solver_name=executable",
    "executable_binary=/home/bbarbe/exe/kissat",
    "min_num_adders=2",
    "max_num_adders=2",
    "allow_coefficient_sign_inversion=2"
  ],
  "returncode": 0,
  "satcmm_duration_seconds": 351.5456861499697,
  "analyzer_duration_seconds": 0.011839582584798336,
  "mux_cost": 10,
  "adder_graph_found": true,
  "killed_by_timeout": false
}