{
  "targets": "153|265|260|612|193|545|774|250|130|672|76|1012|378|720|505|895",
  "satcmm_args": [
    "/home/bbarbe/exe/satcmm",
    "153|265|260|612|193|545|774|250|130|672|76|1012|378|720|505|895",
    "allow_negative_coefficients=1",
    "solver_name=executable",
    "executable_binary=/home/bbarbe/exe/kissat",
    "min_num_adders=2",
    "max_num_adders=2",
    "allow_coefficient_sign_inversion=2",
    "timeout=300"
  ],
  "returncode": 0,
  "satcmm_duration_seconds": 56.51044134888798,
  "analyzer_duration_seconds": 0.011400165036320686,
  "mux_cost": 9,
  "adder_graph_found": true
}