{
  "targets": "1848|1530|3040|61|2232|552|228|944|1548|2570|168|100|888|11|94|32",
  "satcmm_args": [
    "/home/bbarbe/exe/satcmm",
    "1848|1530|3040|61|2232|552|228|944|1548|2570|168|100|888|11|94|32",
    "allow_negative_coefficients=1",
    "solver_name=executable",
    "executable_binary=/home/bbarbe/exe/kissat",
    "min_num_adders=2",
    "max_num_adders=2",
    "allow_coefficient_sign_inversion=2",
    "timeout=300"
  ],
  "returncode": 0,
  "satcmm_duration_seconds": 154.23260229174048,
  "analyzer_duration_seconds": 0.011167428456246853,
  "mux_cost": 9,
  "adder_graph_found": true
}