{
  "targets": "257|3960|2081|3825|1104|2376|2063|122|546|448|1532|3696|2592|542|260|768",
  "satcmm_args": [
    "/home/bbarbe/exe/satcmm",
    "257|3960|2081|3825|1104|2376|2063|122|546|448|1532|3696|2592|542|260|768",
    "allow_negative_coefficients=1",
    "solver_name=executable",
    "executable_binary=/home/bbarbe/exe/kissat",
    "min_num_adders=2",
    "max_num_adders=2",
    "allow_coefficient_sign_inversion=2",
    "timeout=300"
  ],
  "returncode": 0,
  "satcmm_duration_seconds": 1964.3753394465894,
  "analyzer_duration_seconds": 0.011149022728204727,
  "mux_cost": 10,
  "adder_graph_found": true
}