{
  "targets": "672|93|1007|251|3024|2561|880|1935|1216|111|2128|2432|316|247|4092|1472",
  "satcmm_args": [
    "/home/bbarbe/exe/satcmm",
    "672|93|1007|251|3024|2561|880|1935|1216|111|2128|2432|316|247|4092|1472",
    "allow_negative_coefficients=1",
    "solver_name=executable",
    "executable_binary=/home/bbarbe/exe/kissat",
    "min_num_adders=2",
    "max_num_adders=2",
    "allow_coefficient_sign_inversion=2",
    "timeout=300"
  ],
  "returncode": 0,
  "satcmm_duration_seconds": 393.47689960338175,
  "analyzer_duration_seconds": 0.011136994697153568,
  "mux_cost": 10,
  "adder_graph_found": true
}