{
  "targets": "384|68|1018|193|760|246|930|1015|170|198|632|645|130|552|1012|315|306|276|408|959|228|186|136|248|984|190|958|381|784|61|45|509|450|97|656|250|22|592|644|255|772|51|266|222|766|65|29|20|116|28|416|129|67|310|33|162|672|480|765|968|55|111|514|889|1020|912|1|517|7|180|47|253|165|572|24|400|98|194|574|894|594|1000|465|511|59|956|545|4|10|238|159|88|494|612|124|259|832|648|94|560|249|8|46|880|145|265|258|527|507|392|44|600|123|896|961|1009|13|79|64|48|128|90|72|74|464|100|286|85",
  "satcmm_args": [
    "/home/bbarbe/exe/satcmm",
    "384|68|1018|193|760|246|930|1015|170|198|632|645|130|552|1012|315|306|276|408|959|228|186|136|248|984|190|958|381|784|61|45|509|450|97|656|250|22|592|644|255|772|51|266|222|766|65|29|20|116|28|416|129|67|310|33|162|672|480|765|968|55|111|514|889|1020|912|1|517|7|180|47|253|165|572|24|400|98|194|574|894|594|1000|465|511|59|956|545|4|10|238|159|88|494|612|124|259|832|648|94|560|249|8|46|880|145|265|258|527|507|392|44|600|123|896|961|1009|13|79|64|48|128|90|72|74|464|100|286|85",
    "allow_negative_coefficients=1",
    "solver_name=executable",
    "executable_binary=/home/bbarbe/exe/kissat",
    "min_num_adders=2",
    "max_num_adders=2",
    "allow_coefficient_sign_inversion=2"
  ],
  "returncode": -9,
  "satcmm_duration_seconds": 600.1024597631767,
  "analyzer_duration_seconds": 0.012734304182231426,
  "mux_cost": 73,
  "adder_graph_found": true,
  "killed_by_timeout": true
}