{
  "targets": "324|130|536|90|319|135|704|289|480|576|476|516|160|648|504|5",
  "satcmm_args": [
    "/home/bbarbe/exe/satcmm",
    "324|130|536|90|319|135|704|289|480|576|476|516|160|648|504|5",
    "allow_negative_coefficients=1",
    "solver_name=executable",
    "executable_binary=/home/bbarbe/exe/kissat",
    "min_num_adders=2",
    "max_num_adders=2",
    "allow_coefficient_sign_inversion=2",
    "timeout=300"
  ],
  "returncode": 0,
  "satcmm_duration_seconds": 870.2492988640442,
  "analyzer_duration_seconds": 0.011415538378059864,
  "mux_cost": 8,
  "adder_graph_found": true
}