{
  "targets": "620|1007|2268|464|1912|3583|641|1120|1792|2047|65|1041|74|380|1820|3900",
  "satcmm_args": [
    "/home/bbarbe/exe/satcmm",
    "620|1007|2268|464|1912|3583|641|1120|1792|2047|65|1041|74|380|1820|3900",
    "allow_negative_coefficients=1",
    "solver_name=executable",
    "executable_binary=/home/bbarbe/exe/kissat",
    "min_num_adders=2",
    "max_num_adders=2",
    "allow_coefficient_sign_inversion=2",
    "timeout=300"
  ],
  "returncode": 0,
  "satcmm_duration_seconds": 555.2543517993763,
  "analyzer_duration_seconds": 0.011299697682261467,
  "mux_cost": 10,
  "adder_graph_found": true
}