{
  "targets": "62|54|26|37|36|29|41|61|25|28|21|56|13|4|48|31|34|18|60|23|10|30|14|47|59|44|33|49|55|50|27|12",
  "satcmm_args": [
    "/home/bbarbe/exe/satcmm",
    "62|54|26|37|36|29|41|61|25|28|21|56|13|4|48|31|34|18|60|23|10|30|14|47|59|44|33|49|55|50|27|12",
    "allow_negative_coefficients=1",
    "solver_name=executable",
    "executable_binary=/home/bbarbe/exe/kissat",
    "min_num_adders=2",
    "max_num_adders=2",
    "allow_coefficient_sign_inversion=2"
  ],
  "returncode": 0,
  "satcmm_duration_seconds": 98.62693062145263,
  "analyzer_duration_seconds": 0.012569241225719452,
  "mux_cost": 6,
  "adder_graph_found": true,
  "killed_by_timeout": false
}