{
  "targets": "122|244|40|220|19|165|188|104|184|47|105|255|153|216|224|78",
  "satcmm_args": [
    "/home/bbarbe/exe/satcmm",
    "122|244|40|220|19|165|188|104|184|47|105|255|153|216|224|78",
    "allow_negative_coefficients=1",
    "solver_name=executable",
    "executable_binary=/home/bbarbe/exe/kissat",
    "min_num_adders=2",
    "max_num_adders=2",
    "allow_coefficient_sign_inversion=2",
    "timeout=300"
  ],
  "returncode": 0,
  "satcmm_duration_seconds": 59.54039165470749,
  "analyzer_duration_seconds": 0.011401192285120487,
  "mux_cost": 8,
  "adder_graph_found": true
}