{
  "targets": "165|216|122|144|152|222|80|99|74|111|48|252|76|85|226|142",
  "satcmm_args": [
    "/home/bbarbe/exe/satcmm",
    "165|216|122|144|152|222|80|99|74|111|48|252|76|85|226|142",
    "allow_negative_coefficients=1",
    "solver_name=executable",
    "executable_binary=/home/bbarbe/exe/kissat",
    "min_num_adders=2",
    "max_num_adders=2",
    "allow_coefficient_sign_inversion=2",
    "timeout=300"
  ],
  "returncode": 0,
  "satcmm_duration_seconds": 14.550559299997985,
  "analyzer_duration_seconds": 0.011386497877538204,
  "mux_cost": 7,
  "adder_graph_found": true
}