{
  "targets": "2496|1922|1544|2008|273|231|774|3|128|132|133|1300|3056|1153|1276|736|672|502|4048|3136|240|585|1064|530|2560|2313|288|1760|895|1408|80|928|1524|71|1216|48|289|2114|760|1056|247|17|310|2159|4078|2120|324|1680|1264|24|1288|505|3600|1160|416|1530|20|4064|441|1024|1009|3841|521|3073",
  "satcmm_args": [
    "/home/bbarbe/exe/satcmm",
    "2496|1922|1544|2008|273|231|774|3|128|132|133|1300|3056|1153|1276|736|672|502|4048|3136|240|585|1064|530|2560|2313|288|1760|895|1408|80|928|1524|71|1216|48|289|2114|760|1056|247|17|310|2159|4078|2120|324|1680|1264|24|1288|505|3600|1160|416|1530|20|4064|441|1024|1009|3841|521|3073",
    "allow_negative_coefficients=1",
    "solver_name=executable",
    "executable_binary=/home/bbarbe/exe/kissat",
    "min_num_adders=2",
    "max_num_adders=2",
    "allow_coefficient_sign_inversion=2"
  ],
  "returncode": -9,
  "satcmm_duration_seconds": 600.0197849525139,
  "analyzer_duration_seconds": 0.013153871521353722,
  "mux_cost": 39,
  "adder_graph_found": true,
  "killed_by_timeout": true
}