{
  "runs": 15,
  "avg_satcmm_runtime_seconds": 515.3795529030884,
  "avg_analyzer_runtime_seconds": 0.014569528504378267,
  "avg_mux_cost": 84.11111111111111,
  "killed_by_timeout": 9
}