{
  "targets": "961|1030|3870|3999|1916|4087|144|434|25|3848|958|526|1052|3640|3842|672",
  "satcmm_args": [
    "/home/bbarbe/exe/satcmm",
    "961|1030|3870|3999|1916|4087|144|434|25|3848|958|526|1052|3640|3842|672",
    "allow_negative_coefficients=1",
    "solver_name=executable",
    "executable_binary=/home/bbarbe/exe/kissat",
    "min_num_adders=2",
    "max_num_adders=2",
    "allow_coefficient_sign_inversion=2",
    "timeout=300"
  ],
  "returncode": 0,
  "satcmm_duration_seconds": 207.64670001808554,
  "analyzer_duration_seconds": 0.011414219625294209,
  "mux_cost": 10,
  "adder_graph_found": true
}