{
  "targets": "762|444|513|80|991|1014|15|122|900|210|236|1021|60|142|1018|448",
  "satcmm_args": [
    "/home/bbarbe/exe/satcmm",
    "762|444|513|80|991|1014|15|122|900|210|236|1021|60|142|1018|448",
    "allow_negative_coefficients=1",
    "solver_name=executable",
    "executable_binary=/home/bbarbe/exe/kissat",
    "min_num_adders=2",
    "max_num_adders=2",
    "allow_coefficient_sign_inversion=2",
    "timeout=300"
  ],
  "returncode": 0,
  "satcmm_duration_seconds": 94.74297752324492,
  "analyzer_duration_seconds": 0.011214440688490868,
  "mux_cost": 9,
  "adder_graph_found": true
}