{
  "targets": "575|522|315|1520|975|254|186|1528|1312|572|432|81|2296|2600|4076|80",
  "satcmm_args": [
    "/home/bbarbe/exe/satcmm",
    "575|522|315|1520|975|254|186|1528|1312|572|432|81|2296|2600|4076|80",
    "allow_negative_coefficients=1",
    "solver_name=executable",
    "executable_binary=/home/bbarbe/exe/kissat",
    "min_num_adders=2",
    "max_num_adders=2",
    "allow_coefficient_sign_inversion=2",
    "timeout=300"
  ],
  "returncode": 0,
  "satcmm_duration_seconds": 406.764572955668,
  "analyzer_duration_seconds": 0.011527306400239468,
  "mux_cost": 10,
  "adder_graph_found": true
}