{
  "targets": "318|640|536|521|14|446|55|680|509|184|118|125|800|1007|222|61",
  "satcmm_args": [
    "/home/bbarbe/exe/satcmm",
    "318|640|536|521|14|446|55|680|509|184|118|125|800|1007|222|61",
    "allow_negative_coefficients=1",
    "solver_name=executable",
    "executable_binary=/home/bbarbe/exe/kissat",
    "min_num_adders=2",
    "max_num_adders=2",
    "allow_coefficient_sign_inversion=2",
    "timeout=300"
  ],
  "returncode": 0,
  "satcmm_duration_seconds": 33.86096283979714,
  "analyzer_duration_seconds": 0.011401504278182983,
  "mux_cost": 9,
  "adder_graph_found": true
}