{
  "runs": 15,
  "avg_runtime_seconds": 109.43414389292398,
  "costs": {
    "fpga_delay": "not available",
    "area_cost": 5480.2,
    "luts": 132.33333333333334,
    "mux_bits": 10.133333333333333,
    "mux_count": 8.266666666666667,
    "asic_delay": "not available"
  }
}