{
  "targets": "56|504|14|2031|1536|3070|382|2142|27|632|4084|2144|42|39|26|322|3720|506|3904|36|2624|964|3528|1920|2176|45|3360|170|912|1017|35|1736|2112|1919|1440|1320|200|1953|2288|41|3580|123|4040|217|2052|1016|2056|2036|744|84|600|192|1290|4028|945|145|130|3960|1278|2048|3264|636|13|3556|1026|476|72|1924|1224|55|288|1912|384|1032|46|2550|190|4064|265|330|2555|1041|1916|1800|386|508|280|270|65|767|3968|3808|144|1034|526|1089|484|580|4086|560|1086|1983|1950|496|310|1030|492|127|2302|2304|672|3838|3964|5|63|1472|34|975|448|3570|3936|764|2592|3074|594|208|4032|1151",
  "satcmm_args": [
    "/home/bbarbe/exe/satcmm",
    "56|504|14|2031|1536|3070|382|2142|27|632|4084|2144|42|39|26|322|3720|506|3904|36|2624|964|3528|1920|2176|45|3360|170|912|1017|35|1736|2112|1919|1440|1320|200|1953|2288|41|3580|123|4040|217|2052|1016|2056|2036|744|84|600|192|1290|4028|945|145|130|3960|1278|2048|3264|636|13|3556|1026|476|72|1924|1224|55|288|1912|384|1032|46|2550|190|4064|265|330|2555|1041|1916|1800|386|508|280|270|65|767|3968|3808|144|1034|526|1089|484|580|4086|560|1086|1983|1950|496|310|1030|492|127|2302|2304|672|3838|3964|5|63|1472|34|975|448|3570|3936|764|2592|3074|594|208|4032|1151",
    "allow_negative_coefficients=1",
    "solver_name=executable",
    "executable_binary=/home/bbarbe/exe/kissat",
    "min_num_adders=2",
    "max_num_adders=2",
    "allow_coefficient_sign_inversion=2"
  ],
  "returncode": -9,
  "satcmm_duration_seconds": 600.104159376584,
  "analyzer_duration_seconds": 0.013652783818542957,
  "mux_cost": 69,
  "adder_graph_found": true,
  "killed_by_timeout": true
}