{
  "targets": "111|131|127|28|47|123|34|208|78|51|186|110|146|191|161|14",
  "satcmm_args": [
    "/home/bbarbe/exe/satcmm",
    "111|131|127|28|47|123|34|208|78|51|186|110|146|191|161|14",
    "allow_negative_coefficients=1",
    "solver_name=executable",
    "executable_binary=/home/bbarbe/exe/kissat",
    "min_num_adders=2",
    "max_num_adders=2",
    "allow_coefficient_sign_inversion=2",
    "timeout=300"
  ],
  "returncode": 0,
  "satcmm_duration_seconds": 15.279528190381825,
  "analyzer_duration_seconds": 0.011411203071475029,
  "mux_cost": 7,
  "adder_graph_found": true
}