{
  "targets": "56|408|832|262|161|360|641|155|127|11|380|16|567|287|62|504|236|1014|704|254|94|164|10|336|194|984|198|0|119|400|128|449|1008|720|193|138|216|880|71|882|488|84|263|240|644|90|168|224|632|318|118|961|1004|482|976|35|594|520|900|1012|21|542|23|432",
  "satcmm_args": [
    "/home/bbarbe/exe/satcmm",
    "56|408|832|262|161|360|641|155|127|11|380|16|567|287|62|504|236|1014|704|254|94|164|10|336|194|984|198|0|119|400|128|449|1008|720|193|138|216|880|71|882|488|84|263|240|644|90|168|224|632|318|118|961|1004|482|976|35|594|520|900|1012|21|542|23|432",
    "allow_negative_coefficients=1",
    "solver_name=executable",
    "executable_binary=/home/bbarbe/exe/kissat",
    "min_num_adders=2",
    "max_num_adders=2",
    "allow_coefficient_sign_inversion=2"
  ],
  "returncode": -9,
  "satcmm_duration_seconds": 600.1003695987165,
  "analyzer_duration_seconds": 0.01296481117606163,
  "mux_cost": 32,
  "adder_graph_found": true,
  "killed_by_timeout": true
}