{
  "targets": "102|306|641|280|500|42|958|516|585|560|96|1006|220|514|545|92|964|150|204|644|522|575|512|495|532|792|52|960|129|105|1009|124|381|800|112|312|640|44|246|508|248|912|648|984|261|900|880|3|26|630|577|50|210|536|287|894|888|1008|816|956|319|898|592|497|624|382|276|656|164|768|645|14|133|29|504|11|990|62|250|304|223|480|420|158|488|600|567|330|224|68|126|242|73|765|32|6|368|252|41|520|47|764|416|993|496|108|1021|352|85|484|384|736|156|297|548|511|503|386|81|766|448|7|119|576|286|720|268|446|72|60|530|769|482|578|620|18|380|542|660|945|527|231|40|321|57|1019|65|771|568|1020|650|396|528|145|680|257|506|310|996|441|78|69|320|272|122|961|225|882|9|75|256|247|776|284|135|988|274|639|128|79|162|481|895|259|244|635|1023|193|116|975|518|991|868|509|31|195|544|25|502|70|120|241|704|889|0|188|492|254|498|325|76|524|904|251|170|104|265|1016|228|408|240|580|37|772|99|136|464|400|114|324|952|762|192|155|71|515|153|16|74|271|111|84|1007|253|198|387|121|584|45|2|505|546|992|260|186|165",
  "satcmm_args": [
    "/home/bbarbe/exe/satcmm",
    "102|306|641|280|500|42|958|516|585|560|96|1006|220|514|545|92|964|150|204|644|522|575|512|495|532|792|52|960|129|105|1009|124|381|800|112|312|640|44|246|508|248|912|648|984|261|900|880|3|26|630|577|50|210|536|287|894|888|1008|816|956|319|898|592|497|624|382|276|656|164|768|645|14|133|29|504|11|990|62|250|304|223|480|420|158|488|600|567|330|224|68|126|242|73|765|32|6|368|252|41|520|47|764|416|993|496|108|1021|352|85|484|384|736|156|297|548|511|503|386|81|766|448|7|119|576|286|720|268|446|72|60|530|769|482|578|620|18|380|542|660|945|527|231|40|321|57|1019|65|771|568|1020|650|396|528|145|680|257|506|310|996|441|78|69|320|272|122|961|225|882|9|75|256|247|776|284|135|988|274|639|128|79|162|481|895|259|244|635|1023|193|116|975|518|991|868|509|31|195|544|25|502|70|120|241|704|889|0|188|492|254|498|325|76|524|904|251|170|104|265|1016|228|408|240|580|37|772|99|136|464|400|114|324|952|762|192|155|71|515|153|16|74|271|111|84|1007|253|198|387|121|584|45|2|505|546|992|260|186|165",
    "allow_negative_coefficients=1",
    "solver_name=executable",
    "executable_binary=/home/bbarbe/exe/kissat",
    "min_num_adders=2",
    "max_num_adders=2",
    "allow_coefficient_sign_inversion=2"
  ],
  "returncode": -9,
  "satcmm_duration_seconds": 600.1042378069833,
  "analyzer_duration_seconds": 0.014505944214761257,
  "mux_cost": 96,
  "adder_graph_found": true,
  "killed_by_timeout": true
}