{
  "targets": "514|38|492|840|208|396|388|21|287|304|440|385|94|188|198|176",
  "satcmm_args": [
    "/home/bbarbe/exe/satcmm",
    "514|38|492|840|208|396|388|21|287|304|440|385|94|188|198|176",
    "allow_negative_coefficients=1",
    "solver_name=executable",
    "executable_binary=/home/bbarbe/exe/kissat",
    "min_num_adders=2",
    "max_num_adders=2",
    "allow_coefficient_sign_inversion=2",
    "timeout=300"
  ],
  "returncode": 0,
  "satcmm_duration_seconds": 48.56423506233841,
  "analyzer_duration_seconds": 0.011171873658895493,
  "mux_cost": 8,
  "adder_graph_found": true
}