{
  "targets": "464|95|816|544|258|200|1019|656|105|434|1020|600|632|118|352|8",
  "satcmm_args": [
    "/home/bbarbe/exe/satcmm",
    "464|95|816|544|258|200|1019|656|105|434|1020|600|632|118|352|8",
    "allow_negative_coefficients=1",
    "solver_name=executable",
    "executable_binary=/home/bbarbe/exe/kissat",
    "min_num_adders=2",
    "max_num_adders=2",
    "allow_coefficient_sign_inversion=2",
    "timeout=300"
  ],
  "returncode": 0,
  "satcmm_duration_seconds": 75.8886118652299,
  "analyzer_duration_seconds": 0.011308114975690842,
  "mux_cost": 9,
  "adder_graph_found": true
}