{
  "targets": "962|1144|3040|518|3780|4066|2210|1788|156|1552|656|1921|2114|897|2042|2120|2540|462|500|29|381|2039|1030|1184|3712|552|231|253|378|2244|2688|3937|3|2520|2322|129|4092|880|4031|882|6|1025|111|138|1540|3264|1027|1240|250|1026|11|767|1534|2320|1904|2044|10|440|194|176|44|286|3616|274|4072|1440|1924|58|1041|1154|112|1278|792|48|116|1134|1272|2561|137|1922|4000|912|3844|37|502|2047|1542|3528|639|2031|50|372|1760|322|2556|522|2268|2193|92|3810|165|2|1968|2088|122|2014|99|2272|1919|1856|2880|64|216|1296|2944|289|1808|2177|1824|240|236|993|2112|2051|27|2080|492|34",
  "satcmm_args": [
    "/home/bbarbe/exe/satcmm",
    "962|1144|3040|518|3780|4066|2210|1788|156|1552|656|1921|2114|897|2042|2120|2540|462|500|29|381|2039|1030|1184|3712|552|231|253|378|2244|2688|3937|3|2520|2322|129|4092|880|4031|882|6|1025|111|138|1540|3264|1027|1240|250|1026|11|767|1534|2320|1904|2044|10|440|194|176|44|286|3616|274|4072|1440|1924|58|1041|1154|112|1278|792|48|116|1134|1272|2561|137|1922|4000|912|3844|37|502|2047|1542|3528|639|2031|50|372|1760|322|2556|522|2268|2193|92|3810|165|2|1968|2088|122|2014|99|2272|1919|1856|2880|64|216|1296|2944|289|1808|2177|1824|240|236|993|2112|2051|27|2080|492|34",
    "allow_negative_coefficients=1",
    "solver_name=executable",
    "executable_binary=/home/bbarbe/exe/kissat",
    "min_num_adders=2",
    "max_num_adders=2",
    "allow_coefficient_sign_inversion=2"
  ],
  "returncode": -9,
  "satcmm_duration_seconds": 600.1019981000572,
  "analyzer_duration_seconds": 0.013976619578897953,
  "mux_cost": 72,
  "adder_graph_found": true,
  "killed_by_timeout": true
}