{
  "targets": "14|1|228|146|220|102|68|198|0|34|116|223|224|69|108|30|162|10|138|39|226|122|216|244|37|164|254|140|95|126|29|67",
  "satcmm_args": [
    "/home/bbarbe/exe/satcmm",
    "14|1|228|146|220|102|68|198|0|34|116|223|224|69|108|30|162|10|138|39|226|122|216|244|37|164|254|140|95|126|29|67",
    "allow_negative_coefficients=1",
    "solver_name=executable",
    "executable_binary=/home/bbarbe/exe/kissat",
    "min_num_adders=2",
    "max_num_adders=2",
    "allow_coefficient_sign_inversion=2"
  ],
  "returncode": -9,
  "satcmm_duration_seconds": 600.0987083818763,
  "analyzer_duration_seconds": 0.012548528611660004,
  "mux_cost": 8,
  "adder_graph_found": true,
  "killed_by_timeout": true
}