{
  "targets": "1021|248|1010|116|98|387|378|50|260|158|524|122|3|18|898|195",
  "satcmm_args": [
    "/home/bbarbe/exe/satcmm",
    "1021|248|1010|116|98|387|378|50|260|158|524|122|3|18|898|195",
    "allow_negative_coefficients=1",
    "solver_name=executable",
    "executable_binary=/home/bbarbe/exe/kissat",
    "min_num_adders=2",
    "max_num_adders=2",
    "allow_coefficient_sign_inversion=2",
    "timeout=300"
  ],
  "returncode": 0,
  "satcmm_duration_seconds": 66.10298046469688,
  "analyzer_duration_seconds": 0.011039270088076591,
  "mux_cost": 8,
  "adder_graph_found": true
}