{
  "targets": "258|2295|242|1041|1728|150|894|286|1104|2528|898|2232|511|516|1985|1736|3841|2057|488|502|280|2550|1806|482|444|88|132|3808|4080|3552|928|3966|958|4076|1890|3836|3066|126|4064|945|1968|1408|2039|105|3084|284|98|484|1788|2720|2559|3832|1042|2008|7|46|4078|92|198|2063|889|3844|1224|3600",
  "satcmm_args": [
    "/home/bbarbe/exe/satcmm",
    "258|2295|242|1041|1728|150|894|286|1104|2528|898|2232|511|516|1985|1736|3841|2057|488|502|280|2550|1806|482|444|88|132|3808|4080|3552|928|3966|958|4076|1890|3836|3066|126|4064|945|1968|1408|2039|105|3084|284|98|484|1788|2720|2559|3832|1042|2008|7|46|4078|92|198|2063|889|3844|1224|3600",
    "allow_negative_coefficients=1",
    "solver_name=executable",
    "executable_binary=/home/bbarbe/exe/kissat",
    "min_num_adders=2",
    "max_num_adders=2",
    "allow_coefficient_sign_inversion=2"
  ],
  "returncode": -9,
  "satcmm_duration_seconds": 600.0905461423099,
  "analyzer_duration_seconds": 0.013332121074199677,
  "mux_cost": 36,
  "adder_graph_found": true,
  "killed_by_timeout": true
}