{
  "targets": "26|644|960|996|27|336|495|772|18|895|832|372|381|585|159|60|190|620|515|286|497|636|220|96|526|242|136|88|318|238|638|930|880|72|504|36|1023|97|225|126|28|266|456|816|522|1009|21|38|7|352|400|1020|252|63|388|1016|896|98|176|961|580|0|546|34",
  "satcmm_args": [
    "/home/bbarbe/exe/satcmm",
    "26|644|960|996|27|336|495|772|18|895|832|372|381|585|159|60|190|620|515|286|497|636|220|96|526|242|136|88|318|238|638|930|880|72|504|36|1023|97|225|126|28|266|456|816|522|1009|21|38|7|352|400|1020|252|63|388|1016|896|98|176|961|580|0|546|34",
    "allow_negative_coefficients=1",
    "solver_name=executable",
    "executable_binary=/home/bbarbe/exe/kissat",
    "min_num_adders=2",
    "max_num_adders=2",
    "allow_coefficient_sign_inversion=2"
  ],
  "returncode": -9,
  "satcmm_duration_seconds": 600.0703256754205,
  "analyzer_duration_seconds": 0.013245725072920322,
  "mux_cost": 33,
  "adder_graph_found": true,
  "killed_by_timeout": true
}