{
  "targets": "5|160|48|378|180|944|642|98|135|142|143|241|162|497|376|82|650|192|507|176|516|482|764|57|168|254|247|892|238|984|910|512|16|456|255|228|132|774|481|92|522|444|261|9|500|56|224|284|220|42|126|256|145|40|216|198|49|88|529|447|250|81|381|321|51|118|1|416|928|441|128|252|124|530|1014|11|976|455|784|612|268|13|513|70|196|584|249|624|975|97|496|832|542|262|991|388|17|3|73|322|32|561|889|495|66|74|480|452|638|882|336|136|396|184|390|800|190|524|14|62|1008|148|1010|200|263|52|1021|577|776|104|300|287|840|519|195|93|505|880|80|900|382|1018|372|548|767|0|446|150|61|15|320|31|544|191|994|472|22|432|384|246|897|264|63|318|296|400|55|594|988|1017|575|1007|217|1004|236|645|94|259|440|765|68|60|816|756|964|112|630|420|100|21|158|760|45|240|368|536|510|133|71|65|762|508|514|290|131|532|54|387|8|85|736|578|108|34|90|153|352|462|660|959|265|1012|292|503|102|392|37|251|585|271|79|506|164|1009|704|4|752|130|225|968|248|123|46|33|558|29|518|540|144|360|23|44|193|7|478|1016",
  "satcmm_args": [
    "/home/bbarbe/exe/satcmm",
    "5|160|48|378|180|944|642|98|135|142|143|241|162|497|376|82|650|192|507|176|516|482|764|57|168|254|247|892|238|984|910|512|16|456|255|228|132|774|481|92|522|444|261|9|500|56|224|284|220|42|126|256|145|40|216|198|49|88|529|447|250|81|381|321|51|118|1|416|928|441|128|252|124|530|1014|11|976|455|784|612|268|13|513|70|196|584|249|624|975|97|496|832|542|262|991|388|17|3|73|322|32|561|889|495|66|74|480|452|638|882|336|136|396|184|390|800|190|524|14|62|1008|148|1010|200|263|52|1021|577|776|104|300|287|840|519|195|93|505|880|80|900|382|1018|372|548|767|0|446|150|61|15|320|31|544|191|994|472|22|432|384|246|897|264|63|318|296|400|55|594|988|1017|575|1007|217|1004|236|645|94|259|440|765|68|60|816|756|964|112|630|420|100|21|158|760|45|240|368|536|510|133|71|65|762|508|514|290|131|532|54|387|8|85|736|578|108|34|90|153|352|462|660|959|265|1012|292|503|102|392|37|251|585|271|79|506|164|1009|704|4|752|130|225|968|248|123|46|33|558|29|518|540|144|360|23|44|193|7|478|1016",
    "allow_negative_coefficients=1",
    "solver_name=executable",
    "executable_binary=/home/bbarbe/exe/kissat",
    "min_num_adders=2",
    "max_num_adders=2",
    "allow_coefficient_sign_inversion=2"
  ],
  "returncode": -9,
  "satcmm_duration_seconds": 600.1071207644418,
  "analyzer_duration_seconds": 0.014224269427359104,
  "mux_cost": 83,
  "adder_graph_found": true,
  "killed_by_timeout": true
}