{
  "targets": "112|145|961|452|769|527|226|271|142|155|904|680|495|57|434|137",
  "satcmm_args": [
    "/home/bbarbe/exe/satcmm",
    "112|145|961|452|769|527|226|271|142|155|904|680|495|57|434|137",
    "allow_negative_coefficients=1",
    "solver_name=executable",
    "executable_binary=/home/bbarbe/exe/kissat",
    "min_num_adders=2",
    "max_num_adders=2",
    "allow_coefficient_sign_inversion=2",
    "timeout=300"
  ],
  "returncode": 0,
  "satcmm_duration_seconds": 20.375181599520147,
  "analyzer_duration_seconds": 0.01124823559075594,
  "mux_cost": 9,
  "adder_graph_found": true
}