{
  "targets": "5|41|186|1440|1|772|488|511|150|774|600|1278|540|318|3120|17",
  "satcmm_args": [
    "/home/bbarbe/exe/satcmm",
    "5|41|186|1440|1|772|488|511|150|774|600|1278|540|318|3120|17",
    "allow_negative_coefficients=1",
    "solver_name=executable",
    "executable_binary=/home/bbarbe/exe/kissat",
    "min_num_adders=2",
    "max_num_adders=2",
    "allow_coefficient_sign_inversion=2",
    "timeout=300"
  ],
  "returncode": 0,
  "satcmm_duration_seconds": 120.50594839081168,
  "analyzer_duration_seconds": 0.011394132860004902,
  "mux_cost": 9,
  "adder_graph_found": true
}