{
  "targets": "156|196|27|44|246|90|222|52|72|198|29|180|161|2|226|191|255|176|61|126|170|124|6|97|93|186|129|116|35|32|8|253|0|251|134|31|108|7|162|24|238|114|164|84|11|55|102|144|92|130|240|71|54|26|66|247|88|193|110|118|38|69|99|104",
  "satcmm_args": [
    "/home/bbarbe/exe/satcmm",
    "156|196|27|44|246|90|222|52|72|198|29|180|161|2|226|191|255|176|61|126|170|124|6|97|93|186|129|116|35|32|8|253|0|251|134|31|108|7|162|24|238|114|164|84|11|55|102|144|92|130|240|71|54|26|66|247|88|193|110|118|38|69|99|104",
    "allow_negative_coefficients=1",
    "solver_name=executable",
    "executable_binary=/home/bbarbe/exe/kissat",
    "min_num_adders=2",
    "max_num_adders=2",
    "allow_coefficient_sign_inversion=2"
  ],
  "returncode": -9,
  "satcmm_duration_seconds": 600.0893806163222,
  "analyzer_duration_seconds": 0.012731600552797318,
  "mux_cost": 21,
  "adder_graph_found": true,
  "killed_by_timeout": true
}