{
  "targets": "193|40|226|198|52|19|74|54|242|29|126|153|92|244|47|180|38|3|71|90|170|223|18|28|1|195|133|17|59|88|204|112|168|9|68|236|60|49|23|134|240|81|251|95|62|108|35|45|222|41|110|224|22|10|238|57|130|216|241|65|42|30|56|158",
  "satcmm_args": [
    "/home/bbarbe/exe/satcmm",
    "193|40|226|198|52|19|74|54|242|29|126|153|92|244|47|180|38|3|71|90|170|223|18|28|1|195|133|17|59|88|204|112|168|9|68|236|60|49|23|134|240|81|251|95|62|108|35|45|222|41|110|224|22|10|238|57|130|216|241|65|42|30|56|158",
    "allow_negative_coefficients=1",
    "solver_name=executable",
    "executable_binary=/home/bbarbe/exe/kissat",
    "min_num_adders=2",
    "max_num_adders=2",
    "allow_coefficient_sign_inversion=2"
  ],
  "returncode": -6,
  "satcmm_duration_seconds": 427.70090563967824,
  "analyzer_duration_seconds": 0.012836011126637459,
  "mux_cost": 30,
  "adder_graph_found": true,
  "killed_by_timeout": false
}