{
  "targets": "988|945|408|161|19|92|592|112|465|30|532|128|792|265|502|194|146|318|1019|57|186|522|840|320|575|2|382|517|864|72|150|3|1022|22|39|73|680|736|387|910|964|509|97|244|704|497|36|446|216|888|34|672|400|193|478|990|620|766|70|455|296|567|1000|190|239|246|102|118|644|137|528|584|152|123|324|134|720|223|340|381|1016|189|71|93|66|396|255|894|257|772|119|44|984|656|540|78|99|578|258|40|133|249|100|42|636|226|780|434|286|196|1006|48|536|944|612|975|26|65|260|507|49|63|32|632|928|546|263|800|191|384|143|67|52|880|1|447|360|266|524|991|585|274|958|60|1007|580|325|125|897|511|390|1023|521|170|321|496|236|530|319|23|159|148|572|41|247|440|59|153|895|116|21|903|484|62|114|220|383|448|504|254|774|543|131|776|75|51|767|132|225|25|481|126|292|372|262|952|514|222|136|250|456|264|441|378|642|231|388|432|744|113|276|11|24|816|924|452|1014|640|450|310|200|930|962|16|1010|650|1008|13|892|770|33|108|90|641|513|635|46|752|217|392|956|27|12|64|164|241|519|480|868|544|648|900|1020|1004|273|574",
  "satcmm_args": [
    "/home/bbarbe/exe/satcmm",
    "988|945|408|161|19|92|592|112|465|30|532|128|792|265|502|194|146|318|1019|57|186|522|840|320|575|2|382|517|864|72|150|3|1022|22|39|73|680|736|387|910|964|509|97|244|704|497|36|446|216|888|34|672|400|193|478|990|620|766|70|455|296|567|1000|190|239|246|102|118|644|137|528|584|152|123|324|134|720|223|340|381|1016|189|71|93|66|396|255|894|257|772|119|44|984|656|540|78|99|578|258|40|133|249|100|42|636|226|780|434|286|196|1006|48|536|944|612|975|26|65|260|507|49|63|32|632|928|546|263|800|191|384|143|67|52|880|1|447|360|266|524|991|585|274|958|60|1007|580|325|125|897|511|390|1023|521|170|321|496|236|530|319|23|159|148|572|41|247|440|59|153|895|116|21|903|484|62|114|220|383|448|504|254|774|543|131|776|75|51|767|132|225|25|481|126|292|372|262|952|514|222|136|250|456|264|441|378|642|231|388|432|744|113|276|11|24|816|924|452|1014|640|450|310|200|930|962|16|1010|650|1008|13|892|770|33|108|90|641|513|635|46|752|217|392|956|27|12|64|164|241|519|480|868|544|648|900|1020|1004|273|574",
    "allow_negative_coefficients=1",
    "solver_name=executable",
    "executable_binary=/home/bbarbe/exe/kissat",
    "min_num_adders=2",
    "max_num_adders=2",
    "allow_coefficient_sign_inversion=2"
  ],
  "returncode": -9,
  "satcmm_duration_seconds": 600.1058738511056,
  "analyzer_duration_seconds": 0.01496223546564579,
  "mux_cost": 84,
  "adder_graph_found": true,
  "killed_by_timeout": true
}