{
  "targets": "4|30|20|3|11|16|48|12|56|54|47|22|49|46|1|28|29|36|35|44|59|17|0|62|32|5|6|57|60|21|38|23",
  "satcmm_args": [
    "/home/bbarbe/exe/satcmm",
    "4|30|20|3|11|16|48|12|56|54|47|22|49|46|1|28|29|36|35|44|59|17|0|62|32|5|6|57|60|21|38|23",
    "allow_negative_coefficients=1",
    "solver_name=executable",
    "executable_binary=/home/bbarbe/exe/kissat",
    "min_num_adders=2",
    "max_num_adders=2",
    "allow_coefficient_sign_inversion=2"
  ],
  "returncode": 0,
  "satcmm_duration_seconds": 134.32744854409248,
  "analyzer_duration_seconds": 0.012785415165126324,
  "mux_cost": 6,
  "adder_graph_found": true,
  "killed_by_timeout": false
}