{
  "targets": "6|31|60|29|26|55|49|35|7|45|19|11|47|51|12|61|40|16|22|34|46|23|10|52|36|9|5|24|21|17|57|28",
  "satcmm_args": [
    "/home/bbarbe/exe/satcmm",
    "6|31|60|29|26|55|49|35|7|45|19|11|47|51|12|61|40|16|22|34|46|23|10|52|36|9|5|24|21|17|57|28",
    "allow_negative_coefficients=1",
    "solver_name=executable",
    "executable_binary=/home/bbarbe/exe/kissat",
    "min_num_adders=2",
    "max_num_adders=2",
    "allow_coefficient_sign_inversion=2"
  ],
  "returncode": 0,
  "satcmm_duration_seconds": 202.03470427449793,
  "analyzer_duration_seconds": 0.012362094596028328,
  "mux_cost": 6,
  "adder_graph_found": true,
  "killed_by_timeout": false
}