{
  "targets": "140|756|752|509|82|159|895|170|336|17|250|390|255|51|528|249",
  "satcmm_args": [
    "/home/bbarbe/exe/satcmm",
    "140|756|752|509|82|159|895|170|336|17|250|390|255|51|528|249",
    "allow_negative_coefficients=1",
    "solver_name=executable",
    "executable_binary=/home/bbarbe/exe/kissat",
    "min_num_adders=2",
    "max_num_adders=2",
    "allow_coefficient_sign_inversion=2",
    "timeout=300"
  ],
  "returncode": 0,
  "satcmm_duration_seconds": 93.56364753842354,
  "analyzer_duration_seconds": 0.011067231185734272,
  "mux_cost": 9,
  "adder_graph_found": true
}