{
  "targets": "42|12|50|34|1|16|59|38|63|6|60|5|10|45|37|20|58|51|3|13|25|14|7|4|18|39|2|46|27|23|32|54",
  "satcmm_args": [
    "/home/bbarbe/exe/satcmm",
    "42|12|50|34|1|16|59|38|63|6|60|5|10|45|37|20|58|51|3|13|25|14|7|4|18|39|2|46|27|23|32|54",
    "allow_negative_coefficients=1",
    "solver_name=executable",
    "executable_binary=/home/bbarbe/exe/kissat",
    "min_num_adders=2",
    "max_num_adders=2",
    "allow_coefficient_sign_inversion=2"
  ],
  "returncode": 0,
  "satcmm_duration_seconds": 486.5499561643228,
  "analyzer_duration_seconds": 0.01247435063123703,
  "mux_cost": 6,
  "adder_graph_found": true,
  "killed_by_timeout": false
}