{
  "targets": "26|988|67|1017|578|384|304|247|58|484|180|297|45|440|945|380|515|372|543|98|567|767|888|446|378|500|962|756|456|645|608|546|238|51|502|530|889|129|24|261|38|23|194|270|258|519|56|765|764|97|897|271|210|25|996|704|134|620|143|416|544|112|465|99",
  "satcmm_args": [
    "/home/bbarbe/exe/satcmm",
    "26|988|67|1017|578|384|304|247|58|484|180|297|45|440|945|380|515|372|543|98|567|767|888|446|378|500|962|756|456|645|608|546|238|51|502|530|889|129|24|261|38|23|194|270|258|519|56|765|764|97|897|271|210|25|996|704|134|620|143|416|544|112|465|99",
    "allow_negative_coefficients=1",
    "solver_name=executable",
    "executable_binary=/home/bbarbe/exe/kissat",
    "min_num_adders=2",
    "max_num_adders=2",
    "allow_coefficient_sign_inversion=2"
  ],
  "returncode": -9,
  "satcmm_duration_seconds": 600.0240790499374,
  "analyzer_duration_seconds": 0.013080745935440063,
  "mux_cost": 31,
  "adder_graph_found": true,
  "killed_by_timeout": true
}