{
  "targets": "0|112|994|130|880|3073|3588|945|3904|2040|912|9|35|3964|2580|928|2060|1279|3582|392|372|3984|996|300|1528|1808|3900|2116|188|2816|194|521|128|2480|3836|186|2322|2244|1284|864|17|744|4091|1134|3075|272|4030|577|484|2044|3720|2184|760|195|387|3937|1980|2028|1548|1918|1054|265|3870|4036",
  "satcmm_args": [
    "/home/bbarbe/exe/satcmm",
    "0|112|994|130|880|3073|3588|945|3904|2040|912|9|35|3964|2580|928|2060|1279|3582|392|372|3984|996|300|1528|1808|3900|2116|188|2816|194|521|128|2480|3836|186|2322|2244|1284|864|17|744|4091|1134|3075|272|4030|577|484|2044|3720|2184|760|195|387|3937|1980|2028|1548|1918|1054|265|3870|4036",
    "allow_negative_coefficients=1",
    "solver_name=executable",
    "executable_binary=/home/bbarbe/exe/kissat",
    "min_num_adders=2",
    "max_num_adders=2",
    "allow_coefficient_sign_inversion=2"
  ],
  "returncode": -9,
  "satcmm_duration_seconds": 600.0935401218012,
  "analyzer_duration_seconds": 0.012959017418324947,
  "mux_cost": 37,
  "adder_graph_found": true,
  "killed_by_timeout": true
}