{
  "runs": 15,
  "avg_runtime_seconds": 600.3871745482708,
  "costs": {
    "fpga_delay": "not available",
    "area_cost": 11178.6,
    "luts": 1058.8666666666666,
    "mux_bits": 16.066666666666666,
    "mux_count": 23.266666666666666,
    "asic_delay": "not available"
  }
}