{
  "targets": "193|244|190|224|217|150|35|10|112|44|140|74|158|45|254|0|247|58|119|13|18|216|85|222|92|165|121|159|5|1|60|123|55|25|47|15|94|75|9|104|8|95|228|24|71|4|152|127|3|124|65|223|184|17|39|143|120|33|56|51|125|252|116|176|68|118|99|208|138|253|249|59|210|64|180|81|135|232|168|204|188|38|32|200|36|90|69|155|239|246|146|50|21|129|226|93|161|31|126|28|57|40|194|250|134|238|164|137|78|114|130|72|145|142|162|26|136|156|148|20|242|16|225|14|79|6|19|248",
  "satcmm_args": [
    "/home/bbarbe/exe/satcmm",
    "193|244|190|224|217|150|35|10|112|44|140|74|158|45|254|0|247|58|119|13|18|216|85|222|92|165|121|159|5|1|60|123|55|25|47|15|94|75|9|104|8|95|228|24|71|4|152|127|3|124|65|223|184|17|39|143|120|33|56|51|125|252|116|176|68|118|99|208|138|253|249|59|210|64|180|81|135|232|168|204|188|38|32|200|36|90|69|155|239|246|146|50|21|129|226|93|161|31|126|28|57|40|194|250|134|238|164|137|78|114|130|72|145|142|162|26|136|156|148|20|242|16|225|14|79|6|19|248",
    "allow_negative_coefficients=1",
    "solver_name=executable",
    "executable_binary=/home/bbarbe/exe/kissat",
    "min_num_adders=2",
    "max_num_adders=2",
    "allow_coefficient_sign_inversion=2"
  ],
  "returncode": -9,
  "satcmm_duration_seconds": 600.0996733838692,
  "analyzer_duration_seconds": 0.013801499269902706,
  "mux_cost": 65,
  "adder_graph_found": true,
  "killed_by_timeout": true
}