{
  "targets": "388|515|4088|105|247|964|2880|390|4082|2081|250|236|3600|816|37|3966|889|2555|2496|223|312|519|1055|1280|1096|210|31|336|55|527|532|1000",
  "satcmm_args": [
    "/home/bbarbe/exe/satcmm",
    "388|515|4088|105|247|964|2880|390|4082|2081|250|236|3600|816|37|3966|889|2555|2496|223|312|519|1055|1280|1096|210|31|336|55|527|532|1000",
    "allow_negative_coefficients=1",
    "solver_name=executable",
    "executable_binary=/home/bbarbe/exe/kissat",
    "min_num_adders=2",
    "max_num_adders=2",
    "allow_coefficient_sign_inversion=2"
  ],
  "returncode": -9,
  "satcmm_duration_seconds": 600.1018453743309,
  "analyzer_duration_seconds": 0.012414457276463509,
  "mux_cost": 14,
  "adder_graph_found": true,
  "killed_by_timeout": true
}