{
  "targets": "29|48|108|122|68|15|66|71|50|76|121|85|84|28|73|6|31|26|67|64|105|47|41|30|35|12|102|58|52|8|118|57",
  "satcmm_args": [
    "/home/bbarbe/exe/satcmm",
    "29|48|108|122|68|15|66|71|50|76|121|85|84|28|73|6|31|26|67|64|105|47|41|30|35|12|102|58|52|8|118|57",
    "allow_negative_coefficients=1",
    "solver_name=executable",
    "executable_binary=/home/bbarbe/exe/kissat",
    "min_num_adders=2",
    "max_num_adders=2",
    "allow_coefficient_sign_inversion=2"
  ],
  "returncode": 0,
  "satcmm_duration_seconds": 190.58143711462617,
  "analyzer_duration_seconds": 0.012121360749006271,
  "mux_cost": 7,
  "adder_graph_found": true,
  "killed_by_timeout": false
}