{
  "targets": "112|191|3588|384|3088|645|3696|3591|4082|40|279|28|61|3583|1016|38",
  "satcmm_args": [
    "/home/bbarbe/exe/satcmm",
    "112|191|3588|384|3088|645|3696|3591|4082|40|279|28|61|3583|1016|38",
    "allow_negative_coefficients=1",
    "solver_name=executable",
    "executable_binary=/home/bbarbe/exe/kissat",
    "min_num_adders=2",
    "max_num_adders=2",
    "allow_coefficient_sign_inversion=2",
    "timeout=300"
  ],
  "returncode": 0,
  "satcmm_duration_seconds": 106.07138777244836,
  "analyzer_duration_seconds": 0.01139893103390932,
  "mux_cost": 10,
  "adder_graph_found": true
}