{
  "targets": "204|236|78|180|248|114|191|70|255|160|194|148|244|15|90|60",
  "satcmm_args": [
    "/home/bbarbe/exe/satcmm",
    "204|236|78|180|248|114|191|70|255|160|194|148|244|15|90|60",
    "allow_negative_coefficients=1",
    "solver_name=executable",
    "executable_binary=/home/bbarbe/exe/kissat",
    "min_num_adders=2",
    "max_num_adders=2",
    "allow_coefficient_sign_inversion=2",
    "timeout=300"
  ],
  "returncode": 0,
  "satcmm_duration_seconds": 70.7722902232781,
  "analyzer_duration_seconds": 0.011262485757470131,
  "mux_cost": 7,
  "adder_graph_found": true
}