{
  "targets": "116|63|20|44|118|59|66|1|28|125|39|21|81|18|35|58|105|121|46|108|48|17|124|54|119|4|68|10|82|9|26|61",
  "satcmm_args": [
    "/home/bbarbe/exe/satcmm",
    "116|63|20|44|118|59|66|1|28|125|39|21|81|18|35|58|105|121|46|108|48|17|124|54|119|4|68|10|82|9|26|61",
    "allow_negative_coefficients=1",
    "solver_name=executable",
    "executable_binary=/home/bbarbe/exe/kissat",
    "min_num_adders=2",
    "max_num_adders=2",
    "allow_coefficient_sign_inversion=2"
  ],
  "returncode": -9,
  "satcmm_duration_seconds": 600.1026558056474,
  "analyzer_duration_seconds": 0.012706677429378033,
  "mux_cost": 8,
  "adder_graph_found": true,
  "killed_by_timeout": true
}