{
  "targets": "2080|15|988|1806|3839|119|1007|4094|2210|1008|2046|2034|7|112|3528|1290",
  "satcmm_args": [
    "/home/bbarbe/exe/satcmm",
    "2080|15|988|1806|3839|119|1007|4094|2210|1008|2046|2034|7|112|3528|1290",
    "allow_negative_coefficients=1",
    "solver_name=executable",
    "executable_binary=/home/bbarbe/exe/kissat",
    "min_num_adders=2",
    "max_num_adders=2",
    "allow_coefficient_sign_inversion=2",
    "timeout=300"
  ],
  "returncode": 0,
  "satcmm_duration_seconds": 187.4119958281517,
  "analyzer_duration_seconds": 0.011435621418058872,
  "mux_cost": 10,
  "adder_graph_found": true
}