{
  "targets": "165|192|225|108|190|160|47|255|11|12|195|156|85|98|249|246|112|15|7|30|131|247|140|136|17|29|21|67|3|33|122|124",
  "satcmm_args": [
    "/home/bbarbe/exe/satcmm",
    "165|192|225|108|190|160|47|255|11|12|195|156|85|98|249|246|112|15|7|30|131|247|140|136|17|29|21|67|3|33|122|124",
    "allow_negative_coefficients=1",
    "solver_name=executable",
    "executable_binary=/home/bbarbe/exe/kissat",
    "min_num_adders=2",
    "max_num_adders=2",
    "allow_coefficient_sign_inversion=2"
  ],
  "returncode": -9,
  "satcmm_duration_seconds": 600.1024898085743,
  "analyzer_duration_seconds": 0.012705032713711262,
  "mux_cost": 9,
  "adder_graph_found": true,
  "killed_by_timeout": true
}