{
  "targets": "540|184|231|110|522|256|31|930|62|121|800|578|232|736|396|383|496|506|57|23|892|532|16|49|36|170|96|189|193|322|450|504|432|704|976|529|164|515|56|274|574|284|521|58|48|584|27|840|194|72|228|264|258|594|440|9|250|672|37|7|240|190|129|864",
  "satcmm_args": [
    "/home/bbarbe/exe/satcmm",
    "540|184|231|110|522|256|31|930|62|121|800|578|232|736|396|383|496|506|57|23|892|532|16|49|36|170|96|189|193|322|450|504|432|704|976|529|164|515|56|274|574|284|521|58|48|584|27|840|194|72|228|264|258|594|440|9|250|672|37|7|240|190|129|864",
    "allow_negative_coefficients=1",
    "solver_name=executable",
    "executable_binary=/home/bbarbe/exe/kissat",
    "min_num_adders=2",
    "max_num_adders=2",
    "allow_coefficient_sign_inversion=2"
  ],
  "returncode": -9,
  "satcmm_duration_seconds": 600.0998564716429,
  "analyzer_duration_seconds": 0.013174006715416908,
  "mux_cost": 33,
  "adder_graph_found": true,
  "killed_by_timeout": true
}