{
  "targets": "63|135|472|624|36|194|385|1004|478|924|142|660|61|530|256|240",
  "satcmm_args": [
    "/home/bbarbe/exe/satcmm",
    "63|135|472|624|36|194|385|1004|478|924|142|660|61|530|256|240",
    "allow_negative_coefficients=1",
    "solver_name=executable",
    "executable_binary=/home/bbarbe/exe/kissat",
    "min_num_adders=2",
    "max_num_adders=2",
    "allow_coefficient_sign_inversion=2",
    "timeout=300"
  ],
  "returncode": 0,
  "satcmm_duration_seconds": 243.23944989405572,
  "analyzer_duration_seconds": 0.011231507174670696,
  "mux_cost": 9,
  "adder_graph_found": true
}