{
  "targets": "114|3580|1982|2240|1025|270|1806|1284|898|3832|3712|23|2053|321|15|1296",
  "satcmm_args": [
    "/home/bbarbe/exe/satcmm",
    "114|3580|1982|2240|1025|270|1806|1284|898|3832|3712|23|2053|321|15|1296",
    "allow_negative_coefficients=1",
    "solver_name=executable",
    "executable_binary=/home/bbarbe/exe/kissat",
    "min_num_adders=2",
    "max_num_adders=2",
    "allow_coefficient_sign_inversion=2",
    "timeout=300"
  ],
  "returncode": 0,
  "satcmm_duration_seconds": 339.38673465233296,
  "analyzer_duration_seconds": 0.011395244859158993,
  "mux_cost": 10,
  "adder_graph_found": true
}