{
  "targets": "160|500|420|220|190|59|660|990|312|64|82|642|1015|251|527|521|620|518|121|27|476|895|30|768|315|912|792|131|217|127|20|96|57|54|1010|145|200|116|478|536|66|276|630|72|224|155|508|650|924|56|242|114|284|140|31|396|28|482|95|324|253|321|49|340|408|769|316|260|387|61|258|304|776|960|760|494|384|0|248|135|959|390|503|542|176|900|134|48|572|9|208|928|184|381|270|254|561|250|988|108|416|656|680|944|76|63|543|578|765|624|506|1020|29|223|133|186|97|128|300|69|548|204|639|196|84|528|464|100",
  "satcmm_args": [
    "/home/bbarbe/exe/satcmm",
    "160|500|420|220|190|59|660|990|312|64|82|642|1015|251|527|521|620|518|121|27|476|895|30|768|315|912|792|131|217|127|20|96|57|54|1010|145|200|116|478|536|66|276|630|72|224|155|508|650|924|56|242|114|284|140|31|396|28|482|95|324|253|321|49|340|408|769|316|260|387|61|258|304|776|960|760|494|384|0|248|135|959|390|503|542|176|900|134|48|572|9|208|928|184|381|270|254|561|250|988|108|416|656|680|944|76|63|543|578|765|624|506|1020|29|223|133|186|97|128|300|69|548|204|639|196|84|528|464|100",
    "allow_negative_coefficients=1",
    "solver_name=executable",
    "executable_binary=/home/bbarbe/exe/kissat",
    "min_num_adders=2",
    "max_num_adders=2",
    "allow_coefficient_sign_inversion=2"
  ],
  "returncode": -9,
  "satcmm_duration_seconds": 600.1030639540404,
  "analyzer_duration_seconds": 0.01243781391531229,
  "mux_cost": 72,
  "adder_graph_found": true,
  "killed_by_timeout": true
}