{
  "targets": "760|51|904|576|27|20|780|392|153|1023|146|242|450|452|225|420|572|612|96|387|642|98|36|64|296|960|47|448|766|61|34|975",
  "satcmm_args": [
    "/home/bbarbe/exe/satcmm",
    "760|51|904|576|27|20|780|392|153|1023|146|242|450|452|225|420|572|612|96|387|642|98|36|64|296|960|47|448|766|61|34|975",
    "allow_negative_coefficients=1",
    "solver_name=executable",
    "executable_binary=/home/bbarbe/exe/kissat",
    "min_num_adders=2",
    "max_num_adders=2",
    "allow_coefficient_sign_inversion=2"
  ],
  "returncode": -9,
  "satcmm_duration_seconds": 600.0985054699704,
  "analyzer_duration_seconds": 0.01299729011952877,
  "mux_cost": 13,
  "adder_graph_found": true,
  "killed_by_timeout": true
}