{
  "targets": "238|720|2|2024|496|136|465|253|924|226|1033|450|1216|2286|3842|132|889|1052|2068|2064|1087|2032|894|903|930|1056|3528|2012|3264|48|144|15|272|4066|316|258|55|644|2055|2049|1224|832|4063|3598|387|449|1632|372|2054|1153|545|3570|256|898|1784|184|612|2192|1054|286|3556|532|512|2048",
  "satcmm_args": [
    "/home/bbarbe/exe/satcmm",
    "238|720|2|2024|496|136|465|253|924|226|1033|450|1216|2286|3842|132|889|1052|2068|2064|1087|2032|894|903|930|1056|3528|2012|3264|48|144|15|272|4066|316|258|55|644|2055|2049|1224|832|4063|3598|387|449|1632|372|2054|1153|545|3570|256|898|1784|184|612|2192|1054|286|3556|532|512|2048",
    "allow_negative_coefficients=1",
    "solver_name=executable",
    "executable_binary=/home/bbarbe/exe/kissat",
    "min_num_adders=2",
    "max_num_adders=2",
    "allow_coefficient_sign_inversion=2"
  ],
  "returncode": -9,
  "satcmm_duration_seconds": 600.1034988211468,
  "analyzer_duration_seconds": 0.013117396272718906,
  "mux_cost": 33,
  "adder_graph_found": true,
  "killed_by_timeout": true
}