{
  "targets": "498|340|704|122|250|480|368|1010|639|69|543|895|482|61|261|585",
  "satcmm_args": [
    "/home/bbarbe/exe/satcmm",
    "498|340|704|122|250|480|368|1010|639|69|543|895|482|61|261|585",
    "allow_negative_coefficients=1",
    "solver_name=executable",
    "executable_binary=/home/bbarbe/exe/kissat",
    "min_num_adders=2",
    "max_num_adders=2",
    "allow_coefficient_sign_inversion=2",
    "timeout=300"
  ],
  "returncode": 0,
  "satcmm_duration_seconds": 21.614465618506074,
  "analyzer_duration_seconds": 0.010853259824216366,
  "mux_cost": 8,
  "adder_graph_found": true
}