{
  "targets": "2|232|35|44|61|193|249|226|122|64|14|98|110|158|170|113|40|236|146|92|223|116|76|47|27|59|81|21|188|88|241|246|6|192|143|75|145|153|124|90|155|140|62|128|23|70|108|133|15|99|48|41|82|200|112|189|93|254|120|118|46|130|9|148|121|217|231|191|222|150|3|37|127|78|228|38|251|85|159|190|105|244|45|102|57|33|13|0|52|50|51|69|225|39|68|95|119|11|204|72|7|242|114|26|126|16|1|65|136|142|196|248|42|224|247|63|5|186|208|30|58|131|104|156|80|74|180|238",
  "satcmm_args": [
    "/home/bbarbe/exe/satcmm",
    "2|232|35|44|61|193|249|226|122|64|14|98|110|158|170|113|40|236|146|92|223|116|76|47|27|59|81|21|188|88|241|246|6|192|143|75|145|153|124|90|155|140|62|128|23|70|108|133|15|99|48|41|82|200|112|189|93|254|120|118|46|130|9|148|121|217|231|191|222|150|3|37|127|78|228|38|251|85|159|190|105|244|45|102|57|33|13|0|52|50|51|69|225|39|68|95|119|11|204|72|7|242|114|26|126|16|1|65|136|142|196|248|42|224|247|63|5|186|208|30|58|131|104|156|80|74|180|238",
    "allow_negative_coefficients=1",
    "solver_name=executable",
    "executable_binary=/home/bbarbe/exe/kissat",
    "min_num_adders=2",
    "max_num_adders=2",
    "allow_coefficient_sign_inversion=2"
  ],
  "returncode": -9,
  "satcmm_duration_seconds": 600.1024074526504,
  "analyzer_duration_seconds": 0.013692284934222698,
  "mux_cost": 61,
  "adder_graph_found": true,
  "killed_by_timeout": true
}