{
  "targets": "2064|2145|3078|100|119|4024|527|79|3|672|576|769|1038|248|4056|1270|3872|2624|784|1279|1034|159|2368|71|446|956|22|988|1360|198|138|2320|632|3952|226|2034|128|1092|325|3906|2570|1033|1920|584|208|513|69|1276|1040|1904|1488|168|1600|2051|2128|945|1|4091|1922|3824|300|2340|3068|46|542|2048|1290|656|29|578|4089|72|1792|59|124|310|3937|1143|660|296|472|112|75|156|239|228|1936|263|1120|1344|2036|1282|127|1976|3825|85|507|889|2496|2056|129|4086|561|2880|2550|2055|1919|144|4062|193|2976|990|165|465|1156|2172|1632|2088|2244|111|352|1016|3576|2177|517|1736|4066|48",
  "satcmm_args": [
    "/home/bbarbe/exe/satcmm",
    "2064|2145|3078|100|119|4024|527|79|3|672|576|769|1038|248|4056|1270|3872|2624|784|1279|1034|159|2368|71|446|956|22|988|1360|198|138|2320|632|3952|226|2034|128|1092|325|3906|2570|1033|1920|584|208|513|69|1276|1040|1904|1488|168|1600|2051|2128|945|1|4091|1922|3824|300|2340|3068|46|542|2048|1290|656|29|578|4089|72|1792|59|124|310|3937|1143|660|296|472|112|75|156|239|228|1936|263|1120|1344|2036|1282|127|1976|3825|85|507|889|2496|2056|129|4086|561|2880|2550|2055|1919|144|4062|193|2976|990|165|465|1156|2172|1632|2088|2244|111|352|1016|3576|2177|517|1736|4066|48",
    "allow_negative_coefficients=1",
    "solver_name=executable",
    "executable_binary=/home/bbarbe/exe/kissat",
    "min_num_adders=2",
    "max_num_adders=2",
    "allow_coefficient_sign_inversion=2"
  ],
  "returncode": -9,
  "satcmm_duration_seconds": 600.1043705772609,
  "analyzer_duration_seconds": 0.014012002386152744,
  "mux_cost": 74,
  "adder_graph_found": true,
  "killed_by_timeout": true
}