{
  "targets": "69|3648|273|2108|2036|162|23|478|2116|253|2052|236|3964|482|3967|1021",
  "satcmm_args": [
    "/home/bbarbe/exe/satcmm",
    "69|3648|273|2108|2036|162|23|478|2116|253|2052|236|3964|482|3967|1021",
    "allow_negative_coefficients=1",
    "solver_name=executable",
    "executable_binary=/home/bbarbe/exe/kissat",
    "min_num_adders=2",
    "max_num_adders=2",
    "allow_coefficient_sign_inversion=2",
    "timeout=300"
  ],
  "returncode": 0,
  "satcmm_duration_seconds": 38.61868895124644,
  "analyzer_duration_seconds": 0.011385646648705006,
  "mux_cost": 9,
  "adder_graph_found": true
}