{
  "targets": "125|1982|1985|968|162|2039|2088|196|1040|321|52|1512|2312|2300|3088|263|958|2145|772|61|40|660|962|292|2048|1533|128|3776|444|1023|2192|496",
  "satcmm_args": [
    "/home/bbarbe/exe/satcmm",
    "125|1982|1985|968|162|2039|2088|196|1040|321|52|1512|2312|2300|3088|263|958|2145|772|61|40|660|962|292|2048|1533|128|3776|444|1023|2192|496",
    "allow_negative_coefficients=1",
    "solver_name=executable",
    "executable_binary=/home/bbarbe/exe/kissat",
    "min_num_adders=2",
    "max_num_adders=2",
    "allow_coefficient_sign_inversion=2"
  ],
  "returncode": -9,
  "satcmm_duration_seconds": 600.1030142903328,
  "analyzer_duration_seconds": 0.012624270282685757,
  "mux_cost": 13,
  "adder_graph_found": true,
  "killed_by_timeout": true
}