{
  "targets": "4016|2047|3855|1560|165|1760|2082|2111|542|0|2570|382|1033|4081|3840|532|376|6|1056|3904|500|3964|2056|640|880|3570|964|1044|288|503|1090|2174|122|1548|3074|121|1537|768|1472|894|904|984|104|552|416|511|478|184|2012|75|766|31|1028|975|800|476|124|32|1022|1060|4076|3088|1116|129",
  "satcmm_args": [
    "/home/bbarbe/exe/satcmm",
    "4016|2047|3855|1560|165|1760|2082|2111|542|0|2570|382|1033|4081|3840|532|376|6|1056|3904|500|3964|2056|640|880|3570|964|1044|288|503|1090|2174|122|1548|3074|121|1537|768|1472|894|904|984|104|552|416|511|478|184|2012|75|766|31|1028|975|800|476|124|32|1022|1060|4076|3088|1116|129",
    "allow_negative_coefficients=1",
    "solver_name=executable",
    "executable_binary=/home/bbarbe/exe/kissat",
    "min_num_adders=2",
    "max_num_adders=2",
    "allow_coefficient_sign_inversion=2"
  ],
  "returncode": -9,
  "satcmm_duration_seconds": 600.0644144099206,
  "analyzer_duration_seconds": 0.013143664225935936,
  "mux_cost": 34,
  "adder_graph_found": true,
  "killed_by_timeout": true
}