{
  "targets": "130|186|32|251|74|22|255|39|48|200|210|204|224|112|140|47",
  "satcmm_args": [
    "/home/bbarbe/exe/satcmm",
    "130|186|32|251|74|22|255|39|48|200|210|204|224|112|140|47",
    "allow_negative_coefficients=1",
    "solver_name=executable",
    "executable_binary=/home/bbarbe/exe/kissat",
    "min_num_adders=2",
    "max_num_adders=2",
    "allow_coefficient_sign_inversion=2",
    "timeout=300"
  ],
  "returncode": 0,
  "satcmm_duration_seconds": 101.61353462841362,
  "analyzer_duration_seconds": 0.011292647570371628,
  "mux_cost": 8,
  "adder_graph_found": true
}