{
  "targets": "2580|4016|51|1272|264|242|96|143|446|882|60|532|975|3838|1010|2030",
  "satcmm_args": [
    "/home/bbarbe/exe/satcmm",
    "2580|4016|51|1272|264|242|96|143|446|882|60|532|975|3838|1010|2030",
    "allow_negative_coefficients=1",
    "solver_name=executable",
    "executable_binary=/home/bbarbe/exe/kissat",
    "min_num_adders=2",
    "max_num_adders=2",
    "allow_coefficient_sign_inversion=2",
    "timeout=300"
  ],
  "returncode": 0,
  "satcmm_duration_seconds": 83.1086590969935,
  "analyzer_duration_seconds": 0.011012786999344826,
  "mux_cost": 10,
  "adder_graph_found": true
}