{
  "targets": "503|239|381|1009|630|32|744|148|898|512|576|225|216|462|108|26|440|506|80|284|592|35|242|222|85|894|924|432|497|378|832|94|270|456|279|1010|194|262|495|116|388|561|102|113|20|162|1012|324|64|120|72|95|5|110|55|516|254|912|762|159|960|387|306|868|567|784|266|12|29|253|959|312|540|304|492|42|505|772|760|558|122|244|962|482|184|40|774|276|131|142|1014|92|639|118|408|975|124|176|45|236|515|248|930|635|273|90|476|8|510|75|526|63|128|480|292|123|57|384|672|1023|532|189|383|770|519|188|251|271|624|544|15|17|509|1008|289|1017|1006|511|208|240|21|310|259|196|1020|9|964|76|290|217|1021|968|93|97|984|238|575|96|895|892|513|352|51|880|641|250|252|704|104|502|274|297|34|127|888|380|507|73|392|385|496|1019|479|65|36|88|224|7|572|765|272|155|69|638|78|500|25|56|776|37|158|268|800|136|98|504|578|247|140|3|100|256|44|138|13|548|952|84|771|450|156|752|129|650|150|584|574|632|11|24|316|59|231|764|133|114|594|522|67|10|320|328|382|542|340|119|521|434|620|420|105|1004|41|1|261|58",
  "satcmm_args": [
    "/home/bbarbe/exe/satcmm",
    "503|239|381|1009|630|32|744|148|898|512|576|225|216|462|108|26|440|506|80|284|592|35|242|222|85|894|924|432|497|378|832|94|270|456|279|1010|194|262|495|116|388|561|102|113|20|162|1012|324|64|120|72|95|5|110|55|516|254|912|762|159|960|387|306|868|567|784|266|12|29|253|959|312|540|304|492|42|505|772|760|558|122|244|962|482|184|40|774|276|131|142|1014|92|639|118|408|975|124|176|45|236|515|248|930|635|273|90|476|8|510|75|526|63|128|480|292|123|57|384|672|1023|532|189|383|770|519|188|251|271|624|544|15|17|509|1008|289|1017|1006|511|208|240|21|310|259|196|1020|9|964|76|290|217|1021|968|93|97|984|238|575|96|895|892|513|352|51|880|641|250|252|704|104|502|274|297|34|127|888|380|507|73|392|385|496|1019|479|65|36|88|224|7|572|765|272|155|69|638|78|500|25|56|776|37|158|268|800|136|98|504|578|247|140|3|100|256|44|138|13|548|952|84|771|450|156|752|129|650|150|584|574|632|11|24|316|59|231|764|133|114|594|522|67|10|320|328|382|542|340|119|521|434|620|420|105|1004|41|1|261|58",
    "allow_negative_coefficients=1",
    "solver_name=executable",
    "executable_binary=/home/bbarbe/exe/kissat",
    "min_num_adders=2",
    "max_num_adders=2",
    "allow_coefficient_sign_inversion=2"
  ],
  "returncode": -9,
  "satcmm_duration_seconds": 600.1060549383983,
  "analyzer_duration_seconds": 0.014346917159855366,
  "mux_cost": 80,
  "adder_graph_found": true,
  "killed_by_timeout": true
}