{
  "runs": 15,
  "avg_runtime_seconds": 217.49665717575698,
  "costs": {
    "fpga_delay": "not available",
    "area_cost": 4461.533333333334,
    "luts": 100.6,
    "mux_bits": 8.333333333333334,
    "mux_count": 6.333333333333333,
    "asic_delay": "not available"
  }
}