{
  "targets": "124|3|0|36|251|133|204|18|253|38|142|239|84|66|8|176|116|108|190|241|93|40|67|1|81|238|217|42|160|150|54|191|137|47|194|112|29|17|198|123|52|231|13|41|100|27|223|12|236|78|158|246|2|23|72|210|145|121|242|193|188|118|11|39",
  "satcmm_args": [
    "/home/bbarbe/exe/satcmm",
    "124|3|0|36|251|133|204|18|253|38|142|239|84|66|8|176|116|108|190|241|93|40|67|1|81|238|217|42|160|150|54|191|137|47|194|112|29|17|198|123|52|231|13|41|100|27|223|12|236|78|158|246|2|23|72|210|145|121|242|193|188|118|11|39",
    "allow_negative_coefficients=1",
    "solver_name=executable",
    "executable_binary=/home/bbarbe/exe/kissat",
    "min_num_adders=2",
    "max_num_adders=2",
    "allow_coefficient_sign_inversion=2"
  ],
  "returncode": -9,
  "satcmm_duration_seconds": 600.0763377575204,
  "analyzer_duration_seconds": 0.013108675368130207,
  "mux_cost": 22,
  "adder_graph_found": true,
  "killed_by_timeout": true
}