{
  "targets": "10|2544|488|8|1791|137|500|462|889|544|441|3964|2041|2193|156|1921",
  "satcmm_args": [
    "/home/bbarbe/exe/satcmm",
    "10|2544|488|8|1791|137|500|462|889|544|441|3964|2041|2193|156|1921",
    "allow_negative_coefficients=1",
    "solver_name=executable",
    "executable_binary=/home/bbarbe/exe/kissat",
    "min_num_adders=2",
    "max_num_adders=2",
    "allow_coefficient_sign_inversion=2",
    "timeout=300"
  ],
  "returncode": 0,
  "satcmm_duration_seconds": 38.886723714880645,
  "analyzer_duration_seconds": 0.011287354864180088,
  "mux_cost": 10,
  "adder_graph_found": true
}