{
  "targets": "1536|521|2976|13|2084|2376|255|145|165|452|1084|4068|1015|3072|368|159",
  "satcmm_args": [
    "/home/bbarbe/exe/satcmm",
    "1536|521|2976|13|2084|2376|255|145|165|452|1084|4068|1015|3072|368|159",
    "allow_negative_coefficients=1",
    "solver_name=executable",
    "executable_binary=/home/bbarbe/exe/kissat",
    "min_num_adders=2",
    "max_num_adders=2",
    "allow_coefficient_sign_inversion=2",
    "timeout=300"
  ],
  "returncode": 0,
  "satcmm_duration_seconds": 162.96349160000682,
  "analyzer_duration_seconds": 0.011403456330299377,
  "mux_cost": 10,
  "adder_graph_found": true
}