{
  "runs": 15,
  "avg_satcmm_runtime_seconds": 364.473846426482,
  "avg_analyzer_runtime_seconds": 0.012605173202852408,
  "avg_mux_cost": 16.733333333333334,
  "killed_by_timeout": 7
}