{
  "runs": 15,
  "avg_satcmm_runtime_seconds": 352.1543293852359,
  "avg_analyzer_runtime_seconds": 0.012554163299500942,
  "avg_mux_cost": 7.466666666666667,
  "killed_by_timeout": 2
}