{
  "targets": "108|96|188|222|238|42|47|194|25|100|20|208|161|137|95|152|132|22|124|195|223|184|133|85|57|123|33|4|81|239|12|29|78|110|40|70|116|18|14|2|65|191|240|156|88|253|254|69|144|129|198|165|114|249|49|60|82|159|113|5|7|58|59|111|143|48|193|225|136|119|130|168|127|248|186|62|56|52|200|226|97|112|32|216|236|232|246|21|142|121|39|63|46|55|131|64|3|118|38|210|27|162|122|73|125|37|176|36|170|138|148|146|135|150|17|26|10|71|99|242|50|160|28|247|19|72|24|41",
  "satcmm_args": [
    "/home/bbarbe/exe/satcmm",
    "108|96|188|222|238|42|47|194|25|100|20|208|161|137|95|152|132|22|124|195|223|184|133|85|57|123|33|4|81|239|12|29|78|110|40|70|116|18|14|2|65|191|240|156|88|253|254|69|144|129|198|165|114|249|49|60|82|159|113|5|7|58|59|111|143|48|193|225|136|119|130|168|127|248|186|62|56|52|200|226|97|112|32|216|236|232|246|21|142|121|39|63|46|55|131|64|3|118|38|210|27|162|122|73|125|37|176|36|170|138|148|146|135|150|17|26|10|71|99|242|50|160|28|247|19|72|24|41",
    "allow_negative_coefficients=1",
    "solver_name=executable",
    "executable_binary=/home/bbarbe/exe/kissat",
    "min_num_adders=2",
    "max_num_adders=2",
    "allow_coefficient_sign_inversion=2"
  ],
  "returncode": -9,
  "satcmm_duration_seconds": 600.0999294538051,
  "analyzer_duration_seconds": 0.013766271993517876,
  "mux_cost": 61,
  "adder_graph_found": true,
  "killed_by_timeout": true
}