{
  "targets": "3084|1031|4024|944|736|39|2210|2565|1272|4092|2208|4028|265|912|1028|2120",
  "satcmm_args": [
    "/home/bbarbe/exe/satcmm",
    "3084|1031|4024|944|736|39|2210|2565|1272|4092|2208|4028|265|912|1028|2120",
    "allow_negative_coefficients=1",
    "solver_name=executable",
    "executable_binary=/home/bbarbe/exe/kissat",
    "min_num_adders=2",
    "max_num_adders=2",
    "allow_coefficient_sign_inversion=2",
    "timeout=300"
  ],
  "returncode": 0,
  "satcmm_duration_seconds": 1237.3137740409002,
  "analyzer_duration_seconds": 0.011582245118916035,
  "mux_cost": 11,
  "adder_graph_found": true
}