{
  "targets": "552|930|2592|3069|1248|1015|4016|3612|1920|1728|118|3904|67|2120|880|1533|444|136|2159|3839|2068|897|71|3824|150|488|3080|124|1537|900|1919|650|3078|70|3696|3060|2008|318|2880|594|507|222|396|3456|580|3168|131|20|4087|79|198|2018|1056|2168|2108|251|73|1540|3648|253|1|137|1021|4063|1032|116|2014|1027|3136|3|81|993|248|3600|239|1026|1007|928|521|2082|764|1006|1983|1184|46|19|4066|1039|56|988|2030|1058|612|28|645|325|226|3576|1031|328|132|268|975|2559|10|1010|383|2175|4078|3088|161|312|2078|502|104|1824|574|4094|1014|1532|3856|784|1224|2295|1122|896|526|1504",
  "satcmm_args": [
    "/home/bbarbe/exe/satcmm",
    "552|930|2592|3069|1248|1015|4016|3612|1920|1728|118|3904|67|2120|880|1533|444|136|2159|3839|2068|897|71|3824|150|488|3080|124|1537|900|1919|650|3078|70|3696|3060|2008|318|2880|594|507|222|396|3456|580|3168|131|20|4087|79|198|2018|1056|2168|2108|251|73|1540|3648|253|1|137|1021|4063|1032|116|2014|1027|3136|3|81|993|248|3600|239|1026|1007|928|521|2082|764|1006|1983|1184|46|19|4066|1039|56|988|2030|1058|612|28|645|325|226|3576|1031|328|132|268|975|2559|10|1010|383|2175|4078|3088|161|312|2078|502|104|1824|574|4094|1014|1532|3856|784|1224|2295|1122|896|526|1504",
    "allow_negative_coefficients=1",
    "solver_name=executable",
    "executable_binary=/home/bbarbe/exe/kissat",
    "min_num_adders=2",
    "max_num_adders=2",
    "allow_coefficient_sign_inversion=2"
  ],
  "returncode": -9,
  "satcmm_duration_seconds": 600.104309251532,
  "analyzer_duration_seconds": 0.013645757921040058,
  "mux_cost": 73,
  "adder_graph_found": true,
  "killed_by_timeout": true
}