{
  "targets": "81|98|10|18|55|79|36|111|37|33|12|44|49|121|78|82|123|6|40|75|19|56|21|63|51|29|13|74|35|45|52|120",
  "satcmm_args": [
    "/home/bbarbe/exe/satcmm",
    "81|98|10|18|55|79|36|111|37|33|12|44|49|121|78|82|123|6|40|75|19|56|21|63|51|29|13|74|35|45|52|120",
    "allow_negative_coefficients=1",
    "solver_name=executable",
    "executable_binary=/home/bbarbe/exe/kissat",
    "min_num_adders=2",
    "max_num_adders=2",
    "allow_coefficient_sign_inversion=2"
  ],
  "returncode": 0,
  "satcmm_duration_seconds": 261.3601722503081,
  "analyzer_duration_seconds": 0.01225709542632103,
  "mux_cost": 7,
  "adder_graph_found": true,
  "killed_by_timeout": false
}