{
  "targets": "194|495|170|516|744|223|648|49|912|519|216|249|96|952|315|54",
  "satcmm_args": [
    "/home/bbarbe/exe/satcmm",
    "194|495|170|516|744|223|648|49|912|519|216|249|96|952|315|54",
    "allow_negative_coefficients=1",
    "solver_name=executable",
    "executable_binary=/home/bbarbe/exe/kissat",
    "min_num_adders=2",
    "max_num_adders=2",
    "allow_coefficient_sign_inversion=2",
    "timeout=300"
  ],
  "returncode": 0,
  "satcmm_duration_seconds": 46.43138253223151,
  "analyzer_duration_seconds": 0.010969767346978188,
  "mux_cost": 9,
  "adder_graph_found": true
}