{
  "targets": "642|522|144|476|386|68|292|894|495|542|910|148|382|340|529|635|288|994|506|962|904|251|249|988|188|165|240|135|868|124|1007|1009",
  "satcmm_args": [
    "/home/bbarbe/exe/satcmm",
    "642|522|144|476|386|68|292|894|495|542|910|148|382|340|529|635|288|994|506|962|904|251|249|988|188|165|240|135|868|124|1007|1009",
    "allow_negative_coefficients=1",
    "solver_name=executable",
    "executable_binary=/home/bbarbe/exe/kissat",
    "min_num_adders=2",
    "max_num_adders=2",
    "allow_coefficient_sign_inversion=2"
  ],
  "returncode": 1,
  "satcmm_duration_seconds": 71.54421692434698,
  "analyzer_duration_seconds": 0.012675611302256584,
  "mux_cost": 22,
  "adder_graph_found": true,
  "killed_by_timeout": false
}