{
  "runs": 100,
  "avg_satcmm_runtime_seconds": 0.19997798736207187,
  "avg_analyzer_runtime_seconds": 0.010456315837800503,
  "avg_mux_cost": 1.96
}