{
  "targets": "164|519|134|122|504|25|42|7|527|132|116|210|22|441|494|624",
  "satcmm_args": [
    "/home/bbarbe/exe/satcmm",
    "164|519|134|122|504|25|42|7|527|132|116|210|22|441|494|624",
    "allow_negative_coefficients=1",
    "solver_name=executable",
    "executable_binary=/home/bbarbe/exe/kissat",
    "min_num_adders=2",
    "max_num_adders=2",
    "allow_coefficient_sign_inversion=2",
    "timeout=300"
  ],
  "returncode": 0,
  "satcmm_duration_seconds": 24.358617592602968,
  "analyzer_duration_seconds": 0.011077054776251316,
  "mux_cost": 8,
  "adder_graph_found": true
}