{
  "targets": "32|80|240|135|134|0|189|97|84|44|254|168|28|60|93|25|1|95|64|248|192|36|156|113|9|131|123|146|56|65|82|50",
  "satcmm_args": [
    "/home/bbarbe/exe/satcmm",
    "32|80|240|135|134|0|189|97|84|44|254|168|28|60|93|25|1|95|64|248|192|36|156|113|9|131|123|146|56|65|82|50",
    "allow_negative_coefficients=1",
    "solver_name=executable",
    "executable_binary=/home/bbarbe/exe/kissat",
    "min_num_adders=2",
    "max_num_adders=2",
    "allow_coefficient_sign_inversion=2"
  ],
  "returncode": 0,
  "satcmm_duration_seconds": 479.31346192304045,
  "analyzer_duration_seconds": 0.012015503831207752,
  "mux_cost": 8,
  "adder_graph_found": true,
  "killed_by_timeout": false
}