{
  "targets": "111|252|58|244|56|17|1|160|134|120|232|20|95|16|168|8|131|254|130|239|79|148|123|62|65|23|225|112|32|82|78|64|51|127|99|129|81|84|21|63|85|60|121|194|238|132|236|50|140|200|241|40|222|36|126|15|102|189|98|45|196|57|124|104",
  "satcmm_args": [
    "/home/bbarbe/exe/satcmm",
    "111|252|58|244|56|17|1|160|134|120|232|20|95|16|168|8|131|254|130|239|79|148|123|62|65|23|225|112|32|82|78|64|51|127|99|129|81|84|21|63|85|60|121|194|238|132|236|50|140|200|241|40|222|36|126|15|102|189|98|45|196|57|124|104",
    "allow_negative_coefficients=1",
    "solver_name=executable",
    "executable_binary=/home/bbarbe/exe/kissat",
    "min_num_adders=2",
    "max_num_adders=2",
    "allow_coefficient_sign_inversion=2"
  ],
  "returncode": -9,
  "satcmm_duration_seconds": 600.0359727842733,
  "analyzer_duration_seconds": 0.012932528741657734,
  "mux_cost": 22,
  "adder_graph_found": true,
  "killed_by_timeout": true
}