{
  "targets": "122|210|455|1044|3780|193|434|530|752|2082|2014|1120|3855|2368|3096|1023",
  "satcmm_args": [
    "/home/bbarbe/exe/satcmm",
    "122|210|455|1044|3780|193|434|530|752|2082|2014|1120|3855|2368|3096|1023",
    "allow_negative_coefficients=1",
    "solver_name=executable",
    "executable_binary=/home/bbarbe/exe/kissat",
    "min_num_adders=2",
    "max_num_adders=2",
    "allow_coefficient_sign_inversion=2",
    "timeout=300"
  ],
  "returncode": 0,
  "satcmm_duration_seconds": 159.43736633006483,
  "analyzer_duration_seconds": 0.01125100627541542,
  "mux_cost": 10,
  "adder_graph_found": true
}