{
  "targets": "968|1006|880|9|259|1007|69|994|506|441|660|800|516|515|772|288",
  "satcmm_args": [
    "/home/bbarbe/exe/satcmm",
    "968|1006|880|9|259|1007|69|994|506|441|660|800|516|515|772|288",
    "allow_negative_coefficients=1",
    "solver_name=executable",
    "executable_binary=/home/bbarbe/exe/kissat",
    "min_num_adders=2",
    "max_num_adders=2",
    "allow_coefficient_sign_inversion=2",
    "timeout=300"
  ],
  "returncode": 0,
  "satcmm_duration_seconds": 163.44204311352223,
  "analyzer_duration_seconds": 0.011380301788449287,
  "mux_cost": 9,
  "adder_graph_found": true
}