{
  "runs": 100,
  "avg_satcmm_runtime_seconds": 17.31845042986795,
  "avg_analyzer_runtime_seconds": 0.011202758345752954,
  "avg_mux_cost": 5.22
}