{
  "targets": "33|46|50|10|1|24|58|21|44|55|26|49|59|25|36|63|62|15|40|17|23|51|11|7|22|6|4|13|18|28|3|32",
  "satcmm_args": [
    "/home/bbarbe/exe/satcmm",
    "33|46|50|10|1|24|58|21|44|55|26|49|59|25|36|63|62|15|40|17|23|51|11|7|22|6|4|13|18|28|3|32",
    "allow_negative_coefficients=1",
    "solver_name=executable",
    "executable_binary=/home/bbarbe/exe/kissat",
    "min_num_adders=2",
    "max_num_adders=2",
    "allow_coefficient_sign_inversion=2"
  ],
  "returncode": -9,
  "satcmm_duration_seconds": 600.102190958336,
  "analyzer_duration_seconds": 0.012699629180133343,
  "mux_cost": 7,
  "adder_graph_found": true,
  "killed_by_timeout": true
}