{
  "targets": "3068|3720|1278|2082|378|889|3640|3570|73|1143|575|472|612|1039|608|7|255|50|484|4031|4082|3075|1028|1806|386|1156|1000|3612|265|244|3472|744|3168|4080|1092|3584|1538|238|767|78|984|61|4064|2|1285|1086|126|4088|4000|270|3060|57|36|1019|2175|55|2036|416|432|4036|1021|3071|1089|2110",
  "satcmm_args": [
    "/home/bbarbe/exe/satcmm",
    "3068|3720|1278|2082|378|889|3640|3570|73|1143|575|472|612|1039|608|7|255|50|484|4031|4082|3075|1028|1806|386|1156|1000|3612|265|244|3472|744|3168|4080|1092|3584|1538|238|767|78|984|61|4064|2|1285|1086|126|4088|4000|270|3060|57|36|1019|2175|55|2036|416|432|4036|1021|3071|1089|2110",
    "allow_negative_coefficients=1",
    "solver_name=executable",
    "executable_binary=/home/bbarbe/exe/kissat",
    "min_num_adders=2",
    "max_num_adders=2",
    "allow_coefficient_sign_inversion=2"
  ],
  "returncode": -9,
  "satcmm_duration_seconds": 600.0557875446975,
  "analyzer_duration_seconds": 0.013158965855836868,
  "mux_cost": 32,
  "adder_graph_found": true,
  "killed_by_timeout": true
}