{
  "targets": "511|57|1008|259|478|1022|1012|96|95|320|322|193|771|449|975|910",
  "satcmm_args": [
    "/home/bbarbe/exe/satcmm",
    "511|57|1008|259|478|1022|1012|96|95|320|322|193|771|449|975|910",
    "allow_negative_coefficients=1",
    "solver_name=executable",
    "executable_binary=/home/bbarbe/exe/kissat",
    "min_num_adders=2",
    "max_num_adders=2",
    "allow_coefficient_sign_inversion=2",
    "timeout=300"
  ],
  "returncode": 0,
  "satcmm_duration_seconds": 42.56457212753594,
  "analyzer_duration_seconds": 0.011400123126804829,
  "mux_cost": 10,
  "adder_graph_found": true
}