{
  "targets": "231|620|492|8|196|95|660|776|408|396|945|912|224|289|225|767",
  "satcmm_args": [
    "/home/bbarbe/exe/satcmm",
    "231|620|492|8|196|95|660|776|408|396|945|912|224|289|225|767",
    "allow_negative_coefficients=1",
    "solver_name=executable",
    "executable_binary=/home/bbarbe/exe/kissat",
    "min_num_adders=2",
    "max_num_adders=2",
    "allow_coefficient_sign_inversion=2",
    "timeout=300"
  ],
  "returncode": 0,
  "satcmm_duration_seconds": 53.39199885353446,
  "analyzer_duration_seconds": 0.01108747161924839,
  "mux_cost": 9,
  "adder_graph_found": true
}