{
  "targets": "1105|768|2600|340|578|97|56|240|524|1010|1528|1009|3696|530|2018|82",
  "satcmm_args": [
    "/home/bbarbe/exe/satcmm",
    "1105|768|2600|340|578|97|56|240|524|1010|1528|1009|3696|530|2018|82",
    "allow_negative_coefficients=1",
    "solver_name=executable",
    "executable_binary=/home/bbarbe/exe/kissat",
    "min_num_adders=2",
    "max_num_adders=2",
    "allow_coefficient_sign_inversion=2",
    "timeout=300"
  ],
  "returncode": 0,
  "satcmm_duration_seconds": 153.06017156504095,
  "analyzer_duration_seconds": 0.011020413599908352,
  "mux_cost": 9,
  "adder_graph_found": true
}