{
  "targets": "888|575|3832|578|122|3712|2210|148|73|256|228|2016|33|903|52|226",
  "satcmm_args": [
    "/home/bbarbe/exe/satcmm",
    "888|575|3832|578|122|3712|2210|148|73|256|228|2016|33|903|52|226",
    "allow_negative_coefficients=1",
    "solver_name=executable",
    "executable_binary=/home/bbarbe/exe/kissat",
    "min_num_adders=2",
    "max_num_adders=2",
    "allow_coefficient_sign_inversion=2",
    "timeout=300"
  ],
  "returncode": 0,
  "satcmm_duration_seconds": 391.9257701616734,
  "analyzer_duration_seconds": 0.011405509896576405,
  "mux_cost": 10,
  "adder_graph_found": true
}