{
  "targets": "10|2030|960|1143|3616|1953|1282|30|17|482|527|912|1038|1021|1072|1089",
  "satcmm_args": [
    "/home/bbarbe/exe/satcmm",
    "10|2030|960|1143|3616|1953|1282|30|17|482|527|912|1038|1021|1072|1089",
    "allow_negative_coefficients=1",
    "solver_name=executable",
    "executable_binary=/home/bbarbe/exe/kissat",
    "min_num_adders=2",
    "max_num_adders=2",
    "allow_coefficient_sign_inversion=2",
    "timeout=300"
  ],
  "returncode": 0,
  "satcmm_duration_seconds": 243.87941357120872,
  "analyzer_duration_seconds": 0.011359714902937412,
  "mux_cost": 10,
  "adder_graph_found": true
}