{
  "targets": "552|500|3841|958|1260|2552|514|2145|495|1808|1536|254|1240|476|286|1824",
  "satcmm_args": [
    "/home/bbarbe/exe/satcmm",
    "552|500|3841|958|1260|2552|514|2145|495|1808|1536|254|1240|476|286|1824",
    "allow_negative_coefficients=1",
    "solver_name=executable",
    "executable_binary=/home/bbarbe/exe/kissat",
    "min_num_adders=2",
    "max_num_adders=2",
    "allow_coefficient_sign_inversion=2",
    "timeout=300"
  ],
  "returncode": 0,
  "satcmm_duration_seconds": 423.1000787410885,
  "analyzer_duration_seconds": 0.011457077227532864,
  "mux_cost": 10,
  "adder_graph_found": true
}