{
  "targets": "13|81|44|193|220|47|119|54|134|73|36|129|224|146|247|222",
  "satcmm_args": [
    "/home/bbarbe/exe/satcmm",
    "13|81|44|193|220|47|119|54|134|73|36|129|224|146|247|222",
    "allow_negative_coefficients=1",
    "solver_name=executable",
    "executable_binary=/home/bbarbe/exe/kissat",
    "min_num_adders=2",
    "max_num_adders=2",
    "allow_coefficient_sign_inversion=2",
    "timeout=300"
  ],
  "returncode": 0,
  "satcmm_duration_seconds": 33.677274904213846,
  "analyzer_duration_seconds": 0.011072712019085884,
  "mux_cost": 8,
  "adder_graph_found": true
}