{
  "targets": "396|304|198|164|300|20|296|572|328|600|61|536|62|494|434|161",
  "satcmm_args": [
    "/home/bbarbe/exe/satcmm",
    "396|304|198|164|300|20|296|572|328|600|61|536|62|494|434|161",
    "allow_negative_coefficients=1",
    "solver_name=executable",
    "executable_binary=/home/bbarbe/exe/kissat",
    "min_num_adders=2",
    "max_num_adders=2",
    "allow_coefficient_sign_inversion=2",
    "timeout=300"
  ],
  "returncode": 0,
  "satcmm_duration_seconds": 35.58313822373748,
  "analyzer_duration_seconds": 0.01128939725458622,
  "mux_cost": 8,
  "adder_graph_found": true
}