{
  "targets": "2|99|127|49|54|108|73|118|18|4|46|32|20|30|84|48|31|65|36|123|116|25|75|22|81|47|58|74|105|21|110|121",
  "satcmm_args": [
    "/home/bbarbe/exe/satcmm",
    "2|99|127|49|54|108|73|118|18|4|46|32|20|30|84|48|31|65|36|123|116|25|75|22|81|47|58|74|105|21|110|121",
    "allow_negative_coefficients=1",
    "solver_name=executable",
    "executable_binary=/home/bbarbe/exe/kissat",
    "min_num_adders=2",
    "max_num_adders=2",
    "allow_coefficient_sign_inversion=2"
  ],
  "returncode": 0,
  "satcmm_duration_seconds": 286.40212513692677,
  "analyzer_duration_seconds": 0.012524189427495003,
  "mux_cost": 8,
  "adder_graph_found": true,
  "killed_by_timeout": false
}