{
  "runs": 15,
  "avg_satcmm_runtime_seconds": 462.19949542718626,
  "avg_analyzer_runtime_seconds": 0.013060305625773393,
  "avg_mux_cost": 39.46153846153846,
  "killed_by_timeout": 11
}