{
  "targets": "133|478|898|96|280|122|1000|515|322|448|381|27|960|82|240|580|62|125|94|46|210|632|40|248|518|193|769|780|253|25|765|158",
  "satcmm_args": [
    "/home/bbarbe/exe/satcmm",
    "133|478|898|96|280|122|1000|515|322|448|381|27|960|82|240|580|62|125|94|46|210|632|40|248|518|193|769|780|253|25|765|158",
    "allow_negative_coefficients=1",
    "solver_name=executable",
    "executable_binary=/home/bbarbe/exe/kissat",
    "min_num_adders=2",
    "max_num_adders=2",
    "allow_coefficient_sign_inversion=2"
  ],
  "returncode": 1,
  "satcmm_duration_seconds": 21.372567498125136,
  "analyzer_duration_seconds": 0.012588766403496265,
  "mux_cost": 30,
  "adder_graph_found": true,
  "killed_by_timeout": false
}