{
  "targets": "508|962|131|236|432|271|767|480|184|260|54|594|252|386|296|112|164|1019|492|993|41|600|1006|65|496|516|188|434|868|572|279|189|200|575|505|194|75|624|78|641|49|128|372|258|47|511|80|509|1022|504|580|105|138|387|97|964|292|776|276|160|192|95|656|495|520|540|82|545|257|928|961|507|133|325|125|61|770|1018|385|744|720|161|644|552|176|17|32|246|894|153|228|249|585|5|630|416|548|226|56|864|273|497|577|27|146|450|251|762|526|568|158|250|69|608|143|19|612|959|960|20|90|1012|241|328|455|9|632|488",
  "satcmm_args": [
    "/home/bbarbe/exe/satcmm",
    "508|962|131|236|432|271|767|480|184|260|54|594|252|386|296|112|164|1019|492|993|41|600|1006|65|496|516|188|434|868|572|279|189|200|575|505|194|75|624|78|641|49|128|372|258|47|511|80|509|1022|504|580|105|138|387|97|964|292|776|276|160|192|95|656|495|520|540|82|545|257|928|961|507|133|325|125|61|770|1018|385|744|720|161|644|552|176|17|32|246|894|153|228|249|585|5|630|416|548|226|56|864|273|497|577|27|146|450|251|762|526|568|158|250|69|608|143|19|612|959|960|20|90|1012|241|328|455|9|632|488",
    "allow_negative_coefficients=1",
    "solver_name=executable",
    "executable_binary=/home/bbarbe/exe/kissat",
    "min_num_adders=2",
    "max_num_adders=2",
    "allow_coefficient_sign_inversion=2"
  ],
  "returncode": -9,
  "satcmm_duration_seconds": 600.1038395240903,
  "analyzer_duration_seconds": 0.013009170070290565,
  "mux_cost": 65,
  "adder_graph_found": true,
  "killed_by_timeout": true
}