{
  "runs": 15,
  "avg_runtime_seconds": 297.02121422843385,
  "costs": {
    "fpga_delay": "not available",
    "area_cost": 4875.866666666667,
    "luts": 115.0,
    "mux_bits": 9.266666666666667,
    "mux_count": 7.333333333333333,
    "asic_delay": "not available"
  }
}