{
  "targets": "262|488|46|635|945|1012|236|390|585|49|256|66|903|1008|392|228",
  "satcmm_args": [
    "/home/bbarbe/exe/satcmm",
    "262|488|46|635|945|1012|236|390|585|49|256|66|903|1008|392|228",
    "allow_negative_coefficients=1",
    "solver_name=executable",
    "executable_binary=/home/bbarbe/exe/kissat",
    "min_num_adders=2",
    "max_num_adders=2",
    "allow_coefficient_sign_inversion=2",
    "timeout=300"
  ],
  "returncode": 0,
  "satcmm_duration_seconds": 140.3709278581664,
  "analyzer_duration_seconds": 0.011370626278221607,
  "mux_cost": 8,
  "adder_graph_found": true
}