{
  "targets": "2050|1004|4000|1533|4091|3856|3776|3586|2078|2079|760|2144|1168|68|2312|4034",
  "satcmm_args": [
    "/home/bbarbe/exe/satcmm",
    "2050|1004|4000|1533|4091|3856|3776|3586|2078|2079|760|2144|1168|68|2312|4034",
    "allow_negative_coefficients=1",
    "solver_name=executable",
    "executable_binary=/home/bbarbe/exe/kissat",
    "min_num_adders=2",
    "max_num_adders=2",
    "allow_coefficient_sign_inversion=2",
    "timeout=300"
  ],
  "returncode": 0,
  "satcmm_duration_seconds": 1069.1071428339928,
  "analyzer_duration_seconds": 0.011388144455850124,
  "mux_cost": 10,
  "adder_graph_found": true
}