{
  "targets": "660|254|140|144|45|506|61|57|444|296|90|242|368|94|530|519",
  "satcmm_args": [
    "/home/bbarbe/exe/satcmm",
    "660|254|140|144|45|506|61|57|444|296|90|242|368|94|530|519",
    "allow_negative_coefficients=1",
    "solver_name=executable",
    "executable_binary=/home/bbarbe/exe/kissat",
    "min_num_adders=2",
    "max_num_adders=2",
    "allow_coefficient_sign_inversion=2",
    "timeout=300"
  ],
  "returncode": 0,
  "satcmm_duration_seconds": 31.089130518957973,
  "analyzer_duration_seconds": 0.011316546238958836,
  "mux_cost": 8,
  "adder_graph_found": true
}