{
  "targets": "2305|648|2031|480|3906|772|3904|4024|2176|1888|1048|2303|1264|3839|2528|28|650|592|2053|944|48|390|368|4064|452|3060|2040|496|216|195|1982|520|2114|2068|636|132|756|2174|228|964|152|504|2552|2078|2104|780|765|1015|2193|2045|4068|73|1009|840|1728|644|113|1760|3844|4|2142|133|330|991",
  "satcmm_args": [
    "/home/bbarbe/exe/satcmm",
    "2305|648|2031|480|3906|772|3904|4024|2176|1888|1048|2303|1264|3839|2528|28|650|592|2053|944|48|390|368|4064|452|3060|2040|496|216|195|1982|520|2114|2068|636|132|756|2174|228|964|152|504|2552|2078|2104|780|765|1015|2193|2045|4068|73|1009|840|1728|644|113|1760|3844|4|2142|133|330|991",
    "allow_negative_coefficients=1",
    "solver_name=executable",
    "executable_binary=/home/bbarbe/exe/kissat",
    "min_num_adders=2",
    "max_num_adders=2",
    "allow_coefficient_sign_inversion=2"
  ],
  "returncode": -6,
  "satcmm_duration_seconds": 162.92372793424875,
  "analyzer_duration_seconds": 0.013153237290680408,
  "mux_cost": 65,
  "adder_graph_found": true,
  "killed_by_timeout": false
}