{
  "targets": "124|48|110|32|26|71|6|40|10|125|123|102|116|90|74|12|66|3|114|16|63|100|118|93|70|108|56|49|111|62|15|88",
  "satcmm_args": [
    "/home/bbarbe/exe/satcmm",
    "124|48|110|32|26|71|6|40|10|125|123|102|116|90|74|12|66|3|114|16|63|100|118|93|70|108|56|49|111|62|15|88",
    "allow_negative_coefficients=1",
    "solver_name=executable",
    "executable_binary=/home/bbarbe/exe/kissat",
    "min_num_adders=2",
    "max_num_adders=2",
    "allow_coefficient_sign_inversion=2"
  ],
  "returncode": 0,
  "satcmm_duration_seconds": 242.63314848486334,
  "analyzer_duration_seconds": 0.012612644582986832,
  "mux_cost": 7,
  "adder_graph_found": true,
  "killed_by_timeout": false
}