{
  "targets": "61|27|88|41|23|1|7|34|6|70|90|114|126|84|122|26|21|51|40|99|32|62|110|3|71|36|75|76|124|12|17|54",
  "satcmm_args": [
    "/home/bbarbe/exe/satcmm",
    "61|27|88|41|23|1|7|34|6|70|90|114|126|84|122|26|21|51|40|99|32|62|110|3|71|36|75|76|124|12|17|54",
    "allow_negative_coefficients=1",
    "solver_name=executable",
    "executable_binary=/home/bbarbe/exe/kissat",
    "min_num_adders=2",
    "max_num_adders=2",
    "allow_coefficient_sign_inversion=2"
  ],
  "returncode": 0,
  "satcmm_duration_seconds": 412.4465178158134,
  "analyzer_duration_seconds": 0.012782973237335682,
  "mux_cost": 8,
  "adder_graph_found": true,
  "killed_by_timeout": false
}