{
  "targets": "816|143|572|193|250|567|133|57|223|145|131|104|542|6|99|521|992|576|128|508|386|198|900|142|90|15|108|480|50|16|1|4",
  "satcmm_args": [
    "/home/bbarbe/exe/satcmm",
    "816|143|572|193|250|567|133|57|223|145|131|104|542|6|99|521|992|576|128|508|386|198|900|142|90|15|108|480|50|16|1|4",
    "allow_negative_coefficients=1",
    "solver_name=executable",
    "executable_binary=/home/bbarbe/exe/kissat",
    "min_num_adders=2",
    "max_num_adders=2",
    "allow_coefficient_sign_inversion=2"
  ],
  "returncode": -9,
  "satcmm_duration_seconds": 600.0187222510576,
  "analyzer_duration_seconds": 0.012731637805700302,
  "mux_cost": 13,
  "adder_graph_found": true,
  "killed_by_timeout": true
}