{
  "targets": "217|29|124|114|119|20|69|110|108|242|9|223|144|248|148|71|232|168|62|143|75|135|74|250|128|210|188|68|63|60|112|67",
  "satcmm_args": [
    "/home/bbarbe/exe/satcmm",
    "217|29|124|114|119|20|69|110|108|242|9|223|144|248|148|71|232|168|62|143|75|135|74|250|128|210|188|68|63|60|112|67",
    "allow_negative_coefficients=1",
    "solver_name=executable",
    "executable_binary=/home/bbarbe/exe/kissat",
    "min_num_adders=2",
    "max_num_adders=2",
    "allow_coefficient_sign_inversion=2"
  ],
  "returncode": 1,
  "satcmm_duration_seconds": 567.6261383099481,
  "analyzer_duration_seconds": 0.012419120408594608,
  "mux_cost": 9,
  "adder_graph_found": true,
  "killed_by_timeout": false
}