{
  "targets": "118|75|16|137|223|24|113|189|220|100|94|38|85|126|131|88|176|55|3|170|129|81|104|6|19|22|32|51|7|76|120|128|54|135|108|122|140|59|33|184|198|160|127|159|148|65|153|63|61|255|110|52|26|73|99|56|70|236|190|92|158|71|249|49|48|254|29|246|102|42|96|164|155|66|232|25|144|11|67|27|240|180|17|238|8|226|252|112|111|68|145|142|124|191|58|18|60|196|162|62|97|36|39|84|210|72|114|13|125|165|37|116|5|248|133|93|241|253|228|132|2|105|45|9|95|1|204|195",
  "satcmm_args": [
    "/home/bbarbe/exe/satcmm",
    "118|75|16|137|223|24|113|189|220|100|94|38|85|126|131|88|176|55|3|170|129|81|104|6|19|22|32|51|7|76|120|128|54|135|108|122|140|59|33|184|198|160|127|159|148|65|153|63|61|255|110|52|26|73|99|56|70|236|190|92|158|71|249|49|48|254|29|246|102|42|96|164|155|66|232|25|144|11|67|27|240|180|17|238|8|226|252|112|111|68|145|142|124|191|58|18|60|196|162|62|97|36|39|84|210|72|114|13|125|165|37|116|5|248|133|93|241|253|228|132|2|105|45|9|95|1|204|195",
    "allow_negative_coefficients=1",
    "solver_name=executable",
    "executable_binary=/home/bbarbe/exe/kissat",
    "min_num_adders=2",
    "max_num_adders=2",
    "allow_coefficient_sign_inversion=2"
  ],
  "returncode": -9,
  "satcmm_duration_seconds": 600.1012337431312,
  "analyzer_duration_seconds": 0.013744196854531765,
  "mux_cost": 57,
  "adder_graph_found": true,
  "killed_by_timeout": true
}