{
  "targets": "580|832|641|31|385|640|636|96|288|5|481|104|864|225|784|496|897|310|769|29|392|515|82|340|390|526|263|984|304|35|632|930|320|506|868|122|88|92|95|231|85|386|903|480|444|840|892|72|273|36|546|28|542|226|102|502|137|40|432|648|959|131|84|465|125|408|472|381|527|964|503|26|15|479|216|2|162|387|297|189|241|447|47|376|540|242|134|18|135|270|300|186|889|321|552|328|780|8|30|90|450|105|4|577|239|956|792|448|143|900|236|48|720|127|120|520|600|945|958|1009|274|996|529|988|129|81|244|279",
  "satcmm_args": [
    "/home/bbarbe/exe/satcmm",
    "580|832|641|31|385|640|636|96|288|5|481|104|864|225|784|496|897|310|769|29|392|515|82|340|390|526|263|984|304|35|632|930|320|506|868|122|88|92|95|231|85|386|903|480|444|840|892|72|273|36|546|28|542|226|102|502|137|40|432|648|959|131|84|465|125|408|472|381|527|964|503|26|15|479|216|2|162|387|297|189|241|447|47|376|540|242|134|18|135|270|300|186|889|321|552|328|780|8|30|90|450|105|4|577|239|956|792|448|143|900|236|48|720|127|120|520|600|945|958|1009|274|996|529|988|129|81|244|279",
    "allow_negative_coefficients=1",
    "solver_name=executable",
    "executable_binary=/home/bbarbe/exe/kissat",
    "min_num_adders=2",
    "max_num_adders=2",
    "allow_coefficient_sign_inversion=2"
  ],
  "returncode": -9,
  "satcmm_duration_seconds": 600.0582024296746,
  "analyzer_duration_seconds": 0.012562667019665241,
  "mux_cost": 71,
  "adder_graph_found": true,
  "killed_by_timeout": true
}