{
  "targets": "150|254|321|231|113|528|273|640|540|159|572|958|1017|266|160|594",
  "satcmm_args": [
    "/home/bbarbe/exe/satcmm",
    "150|254|321|231|113|528|273|640|540|159|572|958|1017|266|160|594",
    "allow_negative_coefficients=1",
    "solver_name=executable",
    "executable_binary=/home/bbarbe/exe/kissat",
    "min_num_adders=2",
    "max_num_adders=2",
    "allow_coefficient_sign_inversion=2",
    "timeout=300"
  ],
  "returncode": 0,
  "satcmm_duration_seconds": 40.464075102470815,
  "analyzer_duration_seconds": 0.01144433580338955,
  "mux_cost": 9,
  "adder_graph_found": true
}