{
  "targets": "116|330|143|962|104|432|896|99|289|505|800|385|126|259|320|382",
  "satcmm_args": [
    "/home/bbarbe/exe/satcmm",
    "116|330|143|962|104|432|896|99|289|505|800|385|126|259|320|382",
    "allow_negative_coefficients=1",
    "solver_name=executable",
    "executable_binary=/home/bbarbe/exe/kissat",
    "min_num_adders=2",
    "max_num_adders=2",
    "allow_coefficient_sign_inversion=2",
    "timeout=300"
  ],
  "returncode": 0,
  "satcmm_duration_seconds": 603.2357451980934,
  "analyzer_duration_seconds": 0.011420320719480515,
  "mux_cost": 8,
  "adder_graph_found": true
}