{
  "targets": "2116|2520|108|744|506|19|1033|45|1027|2528|1084|3568|1018|4087|4063|462|1794|2120|584|66|99|71|1090|10|3832|1799|3588|124|2368|2000|192|624",
  "satcmm_args": [
    "/home/bbarbe/exe/satcmm",
    "2116|2520|108|744|506|19|1033|45|1027|2528|1084|3568|1018|4087|4063|462|1794|2120|584|66|99|71|1090|10|3832|1799|3588|124|2368|2000|192|624",
    "allow_negative_coefficients=1",
    "solver_name=executable",
    "executable_binary=/home/bbarbe/exe/kissat",
    "min_num_adders=2",
    "max_num_adders=2",
    "allow_coefficient_sign_inversion=2"
  ],
  "returncode": 1,
  "satcmm_duration_seconds": 157.29137506522238,
  "analyzer_duration_seconds": 0.012480986304581165,
  "mux_cost": 20,
  "adder_graph_found": true,
  "killed_by_timeout": false
}