{
  "targets": "146|160|4|161|58|28|119|57|153|56|60|180|62|18|118|75|223|254|217|33|15|248|1|40|124|104|12|17|142|162|73|102|249|238|112|96|95|68|241|20|135|239|6|35|79|39|210|191|150|38|13|189|247|26|240|55|78|71|49|64|94|11|236|159|186|98|116|138|50|2|105|250|84|190|195|113|3|121|19|226|220|224|59|41|111|193|9|70|81|100|54|140|204|222|108|88|46|246|253|164|231|34|131|126|29|251|45|110|148|165|114|97|42|168|92|198|8|170|216|25|82|228|7|93|51|208|123|66",
  "satcmm_args": [
    "/home/bbarbe/exe/satcmm",
    "146|160|4|161|58|28|119|57|153|56|60|180|62|18|118|75|223|254|217|33|15|248|1|40|124|104|12|17|142|162|73|102|249|238|112|96|95|68|241|20|135|239|6|35|79|39|210|191|150|38|13|189|247|26|240|55|78|71|49|64|94|11|236|159|186|98|116|138|50|2|105|250|84|190|195|113|3|121|19|226|220|224|59|41|111|193|9|70|81|100|54|140|204|222|108|88|46|246|253|164|231|34|131|126|29|251|45|110|148|165|114|97|42|168|92|198|8|170|216|25|82|228|7|93|51|208|123|66",
    "allow_negative_coefficients=1",
    "solver_name=executable",
    "executable_binary=/home/bbarbe/exe/kissat",
    "min_num_adders=2",
    "max_num_adders=2",
    "allow_coefficient_sign_inversion=2"
  ],
  "returncode": -9,
  "satcmm_duration_seconds": 600.1013871664181,
  "analyzer_duration_seconds": 0.01386462152004242,
  "mux_cost": 60,
  "adder_graph_found": true,
  "killed_by_timeout": true
}