{
  "runs": 15,
  "avg_runtime_seconds": 600.2816494635616,
  "costs": {
    "fpga_delay": "not available",
    "area_cost": 9089.533333333333,
    "luts": 940.6666666666666,
    "mux_bits": 14.666666666666666,
    "mux_count": 19.533333333333335,
    "asic_delay": "not available"
  }
}