{
  "targets": "520|880|505|488|273|136|42|455|506|575|584|386|25|41|160|79",
  "satcmm_args": [
    "/home/bbarbe/exe/satcmm",
    "520|880|505|488|273|136|42|455|506|575|584|386|25|41|160|79",
    "allow_negative_coefficients=1",
    "solver_name=executable",
    "executable_binary=/home/bbarbe/exe/kissat",
    "min_num_adders=2",
    "max_num_adders=2",
    "allow_coefficient_sign_inversion=2",
    "timeout=300"
  ],
  "returncode": 0,
  "satcmm_duration_seconds": 56.95776834804565,
  "analyzer_duration_seconds": 0.010932890698313713,
  "mux_cost": 8,
  "adder_graph_found": true
}