{
  "targets": "780|382|390|762|504|176|189|217|2062|246|51|60|1278|3937|444|496",
  "satcmm_args": [
    "/home/bbarbe/exe/satcmm",
    "780|382|390|762|504|176|189|217|2062|246|51|60|1278|3937|444|496",
    "allow_negative_coefficients=1",
    "solver_name=executable",
    "executable_binary=/home/bbarbe/exe/kissat",
    "min_num_adders=2",
    "max_num_adders=2",
    "allow_coefficient_sign_inversion=2",
    "timeout=300"
  ],
  "returncode": 0,
  "satcmm_duration_seconds": 54.23579953610897,
  "analyzer_duration_seconds": 0.01116306334733963,
  "mux_cost": 10,
  "adder_graph_found": true
}