{
  "targets": "131|784|42|558|297|33|286|58|910|639|645|224|254|880|481|100",
  "satcmm_args": [
    "/home/bbarbe/exe/satcmm",
    "131|784|42|558|297|33|286|58|910|639|645|224|254|880|481|100",
    "allow_negative_coefficients=1",
    "solver_name=executable",
    "executable_binary=/home/bbarbe/exe/kissat",
    "min_num_adders=2",
    "max_num_adders=2",
    "allow_coefficient_sign_inversion=2",
    "timeout=300"
  ],
  "returncode": 0,
  "satcmm_duration_seconds": 61.89362659025937,
  "analyzer_duration_seconds": 0.011400990188121796,
  "mux_cost": 9,
  "adder_graph_found": true
}