{
  "targets": "125|2038|2448|1010|896|2180|69|58|1161|122|510|272|3586|2060|1087|114|340|3825|640|360|279|2306|1296|273|1524|210|2079|84|4079|4072|3583|1284",
  "satcmm_args": [
    "/home/bbarbe/exe/satcmm",
    "125|2038|2448|1010|896|2180|69|58|1161|122|510|272|3586|2060|1087|114|340|3825|640|360|279|2306|1296|273|1524|210|2079|84|4079|4072|3583|1284",
    "allow_negative_coefficients=1",
    "solver_name=executable",
    "executable_binary=/home/bbarbe/exe/kissat",
    "min_num_adders=2",
    "max_num_adders=2",
    "allow_coefficient_sign_inversion=2"
  ],
  "returncode": -9,
  "satcmm_duration_seconds": 600.1033608056605,
  "analyzer_duration_seconds": 0.012169087305665016,
  "mux_cost": 13,
  "adder_graph_found": true,
  "killed_by_timeout": true
}