{
  "targets": "38|39|126|160|57|98|108|113|250|226|67|100|134|217|246|143|225|208|251|9|70|144|8|7|29|68|82|61|150|84|60|170|92|128|47|156|55|80|65|94|99|198|20|81|162|228|186|124|24|58|97|210|252|46|45|130|231|129|25|118|51|142|194|135",
  "satcmm_args": [
    "/home/bbarbe/exe/satcmm",
    "38|39|126|160|57|98|108|113|250|226|67|100|134|217|246|143|225|208|251|9|70|144|8|7|29|68|82|61|150|84|60|170|92|128|47|156|55|80|65|94|99|198|20|81|162|228|186|124|24|58|97|210|252|46|45|130|231|129|25|118|51|142|194|135",
    "allow_negative_coefficients=1",
    "solver_name=executable",
    "executable_binary=/home/bbarbe/exe/kissat",
    "min_num_adders=2",
    "max_num_adders=2",
    "allow_coefficient_sign_inversion=2"
  ],
  "returncode": -9,
  "satcmm_duration_seconds": 600.0987773537636,
  "analyzer_duration_seconds": 0.013142012059688568,
  "mux_cost": 25,
  "adder_graph_found": true,
  "killed_by_timeout": true
}