{
  "runs": 100,
  "avg_satcmm_runtime_seconds": 0.7433748876582831,
  "avg_analyzer_runtime_seconds": 0.010596147729083896,
  "avg_mux_cost": 3.7
}