{
  "targets": "2244|52|160|3570|127|1087|320|31|624|260|2065|1056|2066|1552|256|1488|1312|71|49|3616|766|3556|17|372|290|1533|2976|1038|92|120|318|1568",
  "satcmm_args": [
    "/home/bbarbe/exe/satcmm",
    "2244|52|160|3570|127|1087|320|31|624|260|2065|1056|2066|1552|256|1488|1312|71|49|3616|766|3556|17|372|290|1533|2976|1038|92|120|318|1568",
    "allow_negative_coefficients=1",
    "solver_name=executable",
    "executable_binary=/home/bbarbe/exe/kissat",
    "min_num_adders=2",
    "max_num_adders=2",
    "allow_coefficient_sign_inversion=2"
  ],
  "returncode": -9,
  "satcmm_duration_seconds": 600.1031696340069,
  "analyzer_duration_seconds": 0.013061919249594212,
  "mux_cost": 14,
  "adder_graph_found": true,
  "killed_by_timeout": true
}