{
  "targets": "656|249|266|449|514|994|560|292|462|231|85|72|516|59|771|180|23|1022|220|271|74|574|49|198|241|118|952|336|450|26|124|543|33|527|265|70|744|40|432|481|962|882|132|120|545|16|47|168|37|532|650|222|494|522|194|720|232|1017|420|88|1019|864|774|68|497|898|386|258|928|119|217|225|17|208|3|273|133|479|105|988|765|976|200|456|330|507|608|505|416|254|116|165|642|125|164|288|464|238|762|376|144|396|312|66|620|300|896|498|640|546|381|161|840|65|638|316|216|57|600|506|184|131|641|984|465|27|223|518",
  "satcmm_args": [
    "/home/bbarbe/exe/satcmm",
    "656|249|266|449|514|994|560|292|462|231|85|72|516|59|771|180|23|1022|220|271|74|574|49|198|241|118|952|336|450|26|124|543|33|527|265|70|744|40|432|481|962|882|132|120|545|16|47|168|37|532|650|222|494|522|194|720|232|1017|420|88|1019|864|774|68|497|898|386|258|928|119|217|225|17|208|3|273|133|479|105|988|765|976|200|456|330|507|608|505|416|254|116|165|642|125|164|288|464|238|762|376|144|396|312|66|620|300|896|498|640|546|381|161|840|65|638|316|216|57|600|506|184|131|641|984|465|27|223|518",
    "allow_negative_coefficients=1",
    "solver_name=executable",
    "executable_binary=/home/bbarbe/exe/kissat",
    "min_num_adders=2",
    "max_num_adders=2",
    "allow_coefficient_sign_inversion=2"
  ],
  "returncode": -9,
  "satcmm_duration_seconds": 600.066095283255,
  "analyzer_duration_seconds": 0.012854410335421562,
  "mux_cost": 64,
  "adder_graph_found": true,
  "killed_by_timeout": true
}