{
  "targets": "244|98|784|100|59|224|511|118|63|232|112|27|122|420|984|509|12|81|630|248|378|304|126|372|580|512|231|123|760|286|567|142|324|484|962|766|196|635|889|21|108|200|146|376|15|632|1008|352|381|868|116|991|479|242|771|49|5|93|910|392|990|322|542|51|641|274|608|504|507|238|400|16|464|29|624|33|132|13|762|1019|268|265|768|945|36|289|158|976|517|184|898|480|792|500|536|772|258|488|225|72|386|249|130|546|70|25|958|544|260|472|193|575|447|448|19|1014|186|254|840|44|257|159|577|279|514|284|37|78",
  "satcmm_args": [
    "/home/bbarbe/exe/satcmm",
    "244|98|784|100|59|224|511|118|63|232|112|27|122|420|984|509|12|81|630|248|378|304|126|372|580|512|231|123|760|286|567|142|324|484|962|766|196|635|889|21|108|200|146|376|15|632|1008|352|381|868|116|991|479|242|771|49|5|93|910|392|990|322|542|51|641|274|608|504|507|238|400|16|464|29|624|33|132|13|762|1019|268|265|768|945|36|289|158|976|517|184|898|480|792|500|536|772|258|488|225|72|386|249|130|546|70|25|958|544|260|472|193|575|447|448|19|1014|186|254|840|44|257|159|577|279|514|284|37|78",
    "allow_negative_coefficients=1",
    "solver_name=executable",
    "executable_binary=/home/bbarbe/exe/kissat",
    "min_num_adders=2",
    "max_num_adders=2",
    "allow_coefficient_sign_inversion=2"
  ],
  "returncode": -9,
  "satcmm_duration_seconds": 600.1030693333596,
  "analyzer_duration_seconds": 0.013426319696009159,
  "mux_cost": 68,
  "adder_graph_found": true,
  "killed_by_timeout": true
}