{
  "targets": "2244|1264|3074|290|289|59|55|2208|2|1544|2448|2308|1288|1086|3577|1153",
  "satcmm_args": [
    "/home/bbarbe/exe/satcmm",
    "2244|1264|3074|290|289|59|55|2208|2|1544|2448|2308|1288|1086|3577|1153",
    "allow_negative_coefficients=1",
    "solver_name=executable",
    "executable_binary=/home/bbarbe/exe/kissat",
    "min_num_adders=2",
    "max_num_adders=2",
    "allow_coefficient_sign_inversion=2",
    "timeout=300"
  ],
  "returncode": 0,
  "satcmm_duration_seconds": 251.93702205084264,
  "analyzer_duration_seconds": 0.011402877047657967,
  "mux_cost": 11,
  "adder_graph_found": true
}