{
  "targets": "270|71|24|880|511|322|961|35|960|580|776|253|263|40|624|672",
  "satcmm_args": [
    "/home/bbarbe/exe/satcmm",
    "270|71|24|880|511|322|961|35|960|580|776|253|263|40|624|672",
    "allow_negative_coefficients=1",
    "solver_name=executable",
    "executable_binary=/home/bbarbe/exe/kissat",
    "min_num_adders=2",
    "max_num_adders=2",
    "allow_coefficient_sign_inversion=2",
    "timeout=300"
  ],
  "returncode": 0,
  "satcmm_duration_seconds": 471.0567275090143,
  "analyzer_duration_seconds": 0.011268706060945988,
  "mux_cost": 9,
  "adder_graph_found": true
}