{
  "targets": "1856|2048|4016|4095|322|1089|450|108|1030|944|2033|1018|1080|2049|656|2114|241|529|144|3|248|1052|558|1680|3968|260|2550|519|266|1033|2012|3580",
  "satcmm_args": [
    "/home/bbarbe/exe/satcmm",
    "1856|2048|4016|4095|322|1089|450|108|1030|944|2033|1018|1080|2049|656|2114|241|529|144|3|248|1052|558|1680|3968|260|2550|519|266|1033|2012|3580",
    "allow_negative_coefficients=1",
    "solver_name=executable",
    "executable_binary=/home/bbarbe/exe/kissat",
    "min_num_adders=2",
    "max_num_adders=2",
    "allow_coefficient_sign_inversion=2"
  ],
  "returncode": -9,
  "satcmm_duration_seconds": 600.0870425580069,
  "analyzer_duration_seconds": 0.01285830419510603,
  "mux_cost": 15,
  "adder_graph_found": true,
  "killed_by_timeout": true
}