{
  "targets": "92|194|118|519|1548|594|1538|4036|257|387|324|1144|4076|74|252|1888|188|3848|1568|2015|624|956|119|2520|2432|3810|292|190|561|2816|247|3840|420|576|4086|521|1060|319|1542|3999|238|2045|2042|608|2570|1632|2193|2065|680|572|511|3967|464|3040|964|3104|40|1264|3592|636|704|1039|94|80",
  "satcmm_args": [
    "/home/bbarbe/exe/satcmm",
    "92|194|118|519|1548|594|1538|4036|257|387|324|1144|4076|74|252|1888|188|3848|1568|2015|624|956|119|2520|2432|3810|292|190|561|2816|247|3840|420|576|4086|521|1060|319|1542|3999|238|2045|2042|608|2570|1632|2193|2065|680|572|511|3967|464|3040|964|3104|40|1264|3592|636|704|1039|94|80",
    "allow_negative_coefficients=1",
    "solver_name=executable",
    "executable_binary=/home/bbarbe/exe/kissat",
    "min_num_adders=2",
    "max_num_adders=2",
    "allow_coefficient_sign_inversion=2"
  ],
  "returncode": -9,
  "satcmm_duration_seconds": 600.0780827505514,
  "analyzer_duration_seconds": 0.013285825960338116,
  "mux_cost": 39,
  "adder_graph_found": true,
  "killed_by_timeout": true
}