{
  "targets": "511|318|112|612|924|744|420|500|988|152|528|912|116|47|546|10|432|769|119|945|514|210|204|910|1023|956|82|56|1008|441|548|889|990|223|280|186|34|67|768|191|638|194|153|509|894|78|444|268|32|150|513|962|123|39|376|61|135|408|224|552|75|132|198|62",
  "satcmm_args": [
    "/home/bbarbe/exe/satcmm",
    "511|318|112|612|924|744|420|500|988|152|528|912|116|47|546|10|432|769|119|945|514|210|204|910|1023|956|82|56|1008|441|548|889|990|223|280|186|34|67|768|191|638|194|153|509|894|78|444|268|32|150|513|962|123|39|376|61|135|408|224|552|75|132|198|62",
    "allow_negative_coefficients=1",
    "solver_name=executable",
    "executable_binary=/home/bbarbe/exe/kissat",
    "min_num_adders=2",
    "max_num_adders=2",
    "allow_coefficient_sign_inversion=2"
  ],
  "returncode": -9,
  "satcmm_duration_seconds": 600.1028747670352,
  "analyzer_duration_seconds": 0.013238141313195229,
  "mux_cost": 33,
  "adder_graph_found": true,
  "killed_by_timeout": true
}