{
  "targets": "145|222|99|21|124|248|78|246|72|130|65|228|9|118|131|122",
  "satcmm_args": [
    "/home/bbarbe/exe/satcmm",
    "145|222|99|21|124|248|78|246|72|130|65|228|9|118|131|122",
    "allow_negative_coefficients=1",
    "solver_name=executable",
    "executable_binary=/home/bbarbe/exe/kissat",
    "min_num_adders=2",
    "max_num_adders=2",
    "allow_coefficient_sign_inversion=2",
    "timeout=300"
  ],
  "returncode": 0,
  "satcmm_duration_seconds": 20.549516348168254,
  "analyzer_duration_seconds": 0.011426404118537903,
  "mux_cost": 7,
  "adder_graph_found": true
}