{
  "targets": "1860|67|90|257|18|1796|1982|455|118|1736|996|928|540|515|268|650",
  "satcmm_args": [
    "/home/bbarbe/exe/satcmm",
    "1860|67|90|257|18|1796|1982|455|118|1736|996|928|540|515|268|650",
    "allow_negative_coefficients=1",
    "solver_name=executable",
    "executable_binary=/home/bbarbe/exe/kissat",
    "min_num_adders=2",
    "max_num_adders=2",
    "allow_coefficient_sign_inversion=2",
    "timeout=300"
  ],
  "returncode": 0,
  "satcmm_duration_seconds": 81.7911571180448,
  "analyzer_duration_seconds": 0.0113124530762434,
  "mux_cost": 10,
  "adder_graph_found": true
}