{
  "targets": "72|97|208|102|574|642|434|336|495|945|896|217|387|514|99|240",
  "satcmm_args": [
    "/home/bbarbe/exe/satcmm",
    "72|97|208|102|574|642|434|336|495|945|896|217|387|514|99|240",
    "allow_negative_coefficients=1",
    "solver_name=executable",
    "executable_binary=/home/bbarbe/exe/kissat",
    "min_num_adders=2",
    "max_num_adders=2",
    "allow_coefficient_sign_inversion=2",
    "timeout=300"
  ],
  "returncode": 0,
  "satcmm_duration_seconds": 54.26189386751503,
  "analyzer_duration_seconds": 0.011408718302845955,
  "mux_cost": 9,
  "adder_graph_found": true
}