{
  "targets": "10|95|744|520|31|1021|504|102|26|289|193|518|736|76|252|51|494|898|35|272|240|129|1018|892|924|567|552|800|192|17|9|975",
  "satcmm_args": [
    "/home/bbarbe/exe/satcmm",
    "10|95|744|520|31|1021|504|102|26|289|193|518|736|76|252|51|494|898|35|272|240|129|1018|892|924|567|552|800|192|17|9|975",
    "allow_negative_coefficients=1",
    "solver_name=executable",
    "executable_binary=/home/bbarbe/exe/kissat",
    "min_num_adders=2",
    "max_num_adders=2",
    "allow_coefficient_sign_inversion=2"
  ],
  "returncode": -9,
  "satcmm_duration_seconds": 600.0971382008865,
  "analyzer_duration_seconds": 0.012256411835551262,
  "mux_cost": 12,
  "adder_graph_found": true,
  "killed_by_timeout": true
}