{
  "targets": "50|15|33|10|23|12|35|9|24|49|57|19|56|45|6|37|30|32|7|18|0|25|54|11|34|63|59|62|39|31|16|36",
  "satcmm_args": [
    "/home/bbarbe/exe/satcmm",
    "50|15|33|10|23|12|35|9|24|49|57|19|56|45|6|37|30|32|7|18|0|25|54|11|34|63|59|62|39|31|16|36",
    "allow_negative_coefficients=1",
    "solver_name=executable",
    "executable_binary=/home/bbarbe/exe/kissat",
    "min_num_adders=2",
    "max_num_adders=2",
    "allow_coefficient_sign_inversion=2"
  ],
  "returncode": 0,
  "satcmm_duration_seconds": 211.73929000552744,
  "analyzer_duration_seconds": 0.012665617279708385,
  "mux_cost": 6,
  "adder_graph_found": true,
  "killed_by_timeout": false
}