{
  "targets": "888|1017|210|258|536|509|78|632|1788|896|450|2558|150|2030|760|3120",
  "satcmm_args": [
    "/home/bbarbe/exe/satcmm",
    "888|1017|210|258|536|509|78|632|1788|896|450|2558|150|2030|760|3120",
    "allow_negative_coefficients=1",
    "solver_name=executable",
    "executable_binary=/home/bbarbe/exe/kissat",
    "min_num_adders=2",
    "max_num_adders=2",
    "allow_coefficient_sign_inversion=2",
    "timeout=300"
  ],
  "returncode": 0,
  "satcmm_duration_seconds": 83.02986707631499,
  "analyzer_duration_seconds": 0.011411124840378761,
  "mux_cost": 10,
  "adder_graph_found": true
}