{
  "targets": "95|70|68|21|30|50|92|52|104|69|98|26|13|75|33|5|46|78|19|8|96|28|11|65|0|112|48|47|90|6|38|10",
  "satcmm_args": [
    "/home/bbarbe/exe/satcmm",
    "95|70|68|21|30|50|92|52|104|69|98|26|13|75|33|5|46|78|19|8|96|28|11|65|0|112|48|47|90|6|38|10",
    "allow_negative_coefficients=1",
    "solver_name=executable",
    "executable_binary=/home/bbarbe/exe/kissat",
    "min_num_adders=2",
    "max_num_adders=2",
    "allow_coefficient_sign_inversion=2"
  ],
  "returncode": 0,
  "satcmm_duration_seconds": 402.1381821585819,
  "analyzer_duration_seconds": 0.012632542289793491,
  "mux_cost": 7,
  "adder_graph_found": true,
  "killed_by_timeout": false
}