{
  "runs": 100,
  "avg_satcmm_runtime_seconds": 1.3227519242931158,
  "avg_analyzer_runtime_seconds": 0.01081169386394322,
  "avg_mux_cost": 3.13
}