{
  "runs": 100,
  "avg_satcmm_runtime_seconds": 49.96912131834775,
  "avg_analyzer_runtime_seconds": 0.011216759961098433,
  "avg_mux_cost": 7.16
}