{
  "runs": 15,
  "avg_satcmm_runtime_seconds": 571.1049791496247,
  "avg_analyzer_runtime_seconds": 0.013008562972148259,
  "avg_mux_cost": 31.6,
  "killed_by_timeout": 14
}