{
  "targets": "8|28|27|121|65|56|122|70|39|16|25|33|71|59|84|88|104|60|118|21|36|96|1|123|94|32|73|35|15|68|29|34",
  "satcmm_args": [
    "/home/bbarbe/exe/satcmm",
    "8|28|27|121|65|56|122|70|39|16|25|33|71|59|84|88|104|60|118|21|36|96|1|123|94|32|73|35|15|68|29|34",
    "allow_negative_coefficients=1",
    "solver_name=executable",
    "executable_binary=/home/bbarbe/exe/kissat",
    "min_num_adders=2",
    "max_num_adders=2",
    "allow_coefficient_sign_inversion=2"
  ],
  "returncode": 0,
  "satcmm_duration_seconds": 336.88600729219615,
  "analyzer_duration_seconds": 0.012477118521928787,
  "mux_cost": 7,
  "adder_graph_found": true,
  "killed_by_timeout": false
}