{
  "targets": "495|944|449|500|113|380|644|522|72|720|378|21|132|50|511|168|300|70|272|388|242|945|513|22|111|64|441|260|31|240|66|94|204|1016|536|248|29|26|310|312|392|508|319|776|127|6|18|575|769|503|247|800|67|274|162|41|32|189|196|322|80|264|465|241|75|11|502|383|476|1|1015|190|897|27|90|126|108|55|78|641|10|762|996|39|543|244|492|102|228|660|408|276|9|498|882|527|479|184|903|1023|35|765|290|95|122|59|8|170|645|506|400|3|994|548|600|961|558|910|286|497|100|152|114|19|146|336|1004|889",
  "satcmm_args": [
    "/home/bbarbe/exe/satcmm",
    "495|944|449|500|113|380|644|522|72|720|378|21|132|50|511|168|300|70|272|388|242|945|513|22|111|64|441|260|31|240|66|94|204|1016|536|248|29|26|310|312|392|508|319|776|127|6|18|575|769|503|247|800|67|274|162|41|32|189|196|322|80|264|465|241|75|11|502|383|476|1|1015|190|897|27|90|126|108|55|78|641|10|762|996|39|543|244|492|102|228|660|408|276|9|498|882|527|479|184|903|1023|35|765|290|95|122|59|8|170|645|506|400|3|994|548|600|961|558|910|286|497|100|152|114|19|146|336|1004|889",
    "allow_negative_coefficients=1",
    "solver_name=executable",
    "executable_binary=/home/bbarbe/exe/kissat",
    "min_num_adders=2",
    "max_num_adders=2",
    "allow_coefficient_sign_inversion=2"
  ],
  "returncode": -9,
  "satcmm_duration_seconds": 600.102584304288,
  "analyzer_duration_seconds": 0.01276453584432602,
  "mux_cost": 72,
  "adder_graph_found": true,
  "killed_by_timeout": true
}