{
  "targets": "2368|1790|36|123|594|133|3075|1544|1058|408|1248|2160|216|2065|4063|4",
  "satcmm_args": [
    "/home/bbarbe/exe/satcmm",
    "2368|1790|36|123|594|133|3075|1544|1058|408|1248|2160|216|2065|4063|4",
    "allow_negative_coefficients=1",
    "solver_name=executable",
    "executable_binary=/home/bbarbe/exe/kissat",
    "min_num_adders=2",
    "max_num_adders=2",
    "allow_coefficient_sign_inversion=2",
    "timeout=300"
  ],
  "returncode": 0,
  "satcmm_duration_seconds": 577.2654165429994,
  "analyzer_duration_seconds": 0.011044617742300034,
  "mux_cost": 9,
  "adder_graph_found": true
}