{
  "targets": "67|336|70|594|241|108|192|225|2|90|310|513|545|96|396|142",
  "satcmm_args": [
    "/home/bbarbe/exe/satcmm",
    "67|336|70|594|241|108|192|225|2|90|310|513|545|96|396|142",
    "allow_negative_coefficients=1",
    "solver_name=executable",
    "executable_binary=/home/bbarbe/exe/kissat",
    "min_num_adders=2",
    "max_num_adders=2",
    "allow_coefficient_sign_inversion=2",
    "timeout=300"
  ],
  "returncode": 0,
  "satcmm_duration_seconds": 38.52219348587096,
  "analyzer_duration_seconds": 0.011129692196846008,
  "mux_cost": 8,
  "adder_graph_found": true
}