{
  "targets": "4090|3080|2076|1056|318|1120|18|840|4066|536|4062|2180|296|180|1018|1016|648|271|3076|1888|387|1104|482|3612|29|2057|1791|912|924|75|640|1544|2177|638|2058|1290|898|478|1151|2053|2176|186|2640|660|552|72|2172|210|2688|2088|2286|1584|84|26|128|1760|297|959|1919|2014|4068|2376|258|385|51|239|4082|4000|1552|2562|736|28|190|2168|1105|1285|3855|984|910|1533|3696|82|768|508|3472|249|3906|481|1019|223|2049|2024|2232|368|170|522|958|352|4076|506|142|198|2012|2031|164|330|45|1027|1824|2065|1033|148|1088|964|1320|1152|222|259|645|2544|3264|67|286|112|578|95|2306|962",
  "satcmm_args": [
    "/home/bbarbe/exe/satcmm",
    "4090|3080|2076|1056|318|1120|18|840|4066|536|4062|2180|296|180|1018|1016|648|271|3076|1888|387|1104|482|3612|29|2057|1791|912|924|75|640|1544|2177|638|2058|1290|898|478|1151|2053|2176|186|2640|660|552|72|2172|210|2688|2088|2286|1584|84|26|128|1760|297|959|1919|2014|4068|2376|258|385|51|239|4082|4000|1552|2562|736|28|190|2168|1105|1285|3855|984|910|1533|3696|82|768|508|3472|249|3906|481|1019|223|2049|2024|2232|368|170|522|958|352|4076|506|142|198|2012|2031|164|330|45|1027|1824|2065|1033|148|1088|964|1320|1152|222|259|645|2544|3264|67|286|112|578|95|2306|962",
    "allow_negative_coefficients=1",
    "solver_name=executable",
    "executable_binary=/home/bbarbe/exe/kissat",
    "min_num_adders=2",
    "max_num_adders=2",
    "allow_coefficient_sign_inversion=2"
  ],
  "returncode": -9,
  "satcmm_duration_seconds": 600.1046214113012,
  "analyzer_duration_seconds": 0.013691060245037079,
  "mux_cost": 73,
  "adder_graph_found": true,
  "killed_by_timeout": true
}