{
  "targets": "495|116|840|6|484|130|380|528|306|228|744|140|121|704|360|924|530|864|16|176|928|248|976|15|400|376|650|320|481|42|62|110|51|639|35|780|1020|104|250|992|640|72|76|98|513|224|78|226|255|432|198|148|24|567|720|768|504|168|500|84|956|164|75|962",
  "satcmm_args": [
    "/home/bbarbe/exe/satcmm",
    "495|116|840|6|484|130|380|528|306|228|744|140|121|704|360|924|530|864|16|176|928|248|976|15|400|376|650|320|481|42|62|110|51|639|35|780|1020|104|250|992|640|72|76|98|513|224|78|226|255|432|198|148|24|567|720|768|504|168|500|84|956|164|75|962",
    "allow_negative_coefficients=1",
    "solver_name=executable",
    "executable_binary=/home/bbarbe/exe/kissat",
    "min_num_adders=2",
    "max_num_adders=2",
    "allow_coefficient_sign_inversion=2"
  ],
  "returncode": -9,
  "satcmm_duration_seconds": 600.1022158460692,
  "analyzer_duration_seconds": 0.013248495757579803,
  "mux_cost": 33,
  "adder_graph_found": true,
  "killed_by_timeout": true
}