{
  "targets": "257|93|529|584|30|125|944|774|224|136|548|64|59|645|50|962",
  "satcmm_args": [
    "/home/bbarbe/exe/satcmm",
    "257|93|529|584|30|125|944|774|224|136|548|64|59|645|50|962",
    "allow_negative_coefficients=1",
    "solver_name=executable",
    "executable_binary=/home/bbarbe/exe/kissat",
    "min_num_adders=2",
    "max_num_adders=2",
    "allow_coefficient_sign_inversion=2",
    "timeout=300"
  ],
  "returncode": 0,
  "satcmm_duration_seconds": 46.34407347626984,
  "analyzer_duration_seconds": 0.011328959837555885,
  "mux_cost": 8,
  "adder_graph_found": true
}