{
  "targets": "3070|2288|125|530|4092|3360|1279|3612|133|1986|1924|54|420|1029|232|509",
  "satcmm_args": [
    "/home/bbarbe/exe/satcmm",
    "3070|2288|125|530|4092|3360|1279|3612|133|1986|1924|54|420|1029|232|509",
    "allow_negative_coefficients=1",
    "solver_name=executable",
    "executable_binary=/home/bbarbe/exe/kissat",
    "min_num_adders=2",
    "max_num_adders=2",
    "allow_coefficient_sign_inversion=2",
    "timeout=300"
  ],
  "returncode": 0,
  "satcmm_duration_seconds": 158.08518113195896,
  "analyzer_duration_seconds": 0.011113600805401802,
  "mux_cost": 11,
  "adder_graph_found": true
}