{
  "targets": "2041|2063|1792|2560|1440|774|304|2096|2081|1152|3970|1260|2244|2058|2111|2014",
  "satcmm_args": [
    "/home/bbarbe/exe/satcmm",
    "2041|2063|1792|2560|1440|774|304|2096|2081|1152|3970|1260|2244|2058|2111|2014",
    "allow_negative_coefficients=1",
    "solver_name=executable",
    "executable_binary=/home/bbarbe/exe/kissat",
    "min_num_adders=2",
    "max_num_adders=2",
    "allow_coefficient_sign_inversion=2",
    "timeout=300"
  ],
  "returncode": 0,
  "satcmm_duration_seconds": 86.42586590815336,
  "analyzer_duration_seconds": 0.011656025424599648,
  "mux_cost": 9,
  "adder_graph_found": true
}