{
  "targets": "960|140|261|33|94|319|162|968|304|640|962|545|74|488|502|578",
  "satcmm_args": [
    "/home/bbarbe/exe/satcmm",
    "960|140|261|33|94|319|162|968|304|640|962|545|74|488|502|578",
    "allow_negative_coefficients=1",
    "solver_name=executable",
    "executable_binary=/home/bbarbe/exe/kissat",
    "min_num_adders=2",
    "max_num_adders=2",
    "allow_coefficient_sign_inversion=2",
    "timeout=300"
  ],
  "returncode": 0,
  "satcmm_duration_seconds": 59.59177187271416,
  "analyzer_duration_seconds": 0.010980769991874695,
  "mux_cost": 8,
  "adder_graph_found": true
}