{
  "targets": "608|249|121|764|48|129|1018|543|188|126|40|336|246|594|479|385",
  "satcmm_args": [
    "/home/bbarbe/exe/satcmm",
    "608|249|121|764|48|129|1018|543|188|126|40|336|246|594|479|385",
    "allow_negative_coefficients=1",
    "solver_name=executable",
    "executable_binary=/home/bbarbe/exe/kissat",
    "min_num_adders=2",
    "max_num_adders=2",
    "allow_coefficient_sign_inversion=2",
    "timeout=300"
  ],
  "returncode": 0,
  "satcmm_duration_seconds": 45.07633202243596,
  "analyzer_duration_seconds": 0.011429295875132084,
  "mux_cost": 9,
  "adder_graph_found": true
}