{
  "runs": 100,
  "avg_satcmm_runtime_seconds": 0.27250468304380776,
  "avg_analyzer_runtime_seconds": 0.010504482313990593,
  "avg_mux_cost": 2.38
}