{
  "targets": "996|472|1084|2145|864|54|9|2552|130|2050|770|62|4090|1472|1154|27",
  "satcmm_args": [
    "/home/bbarbe/exe/satcmm",
    "996|472|1084|2145|864|54|9|2552|130|2050|770|62|4090|1472|1154|27",
    "allow_negative_coefficients=1",
    "solver_name=executable",
    "executable_binary=/home/bbarbe/exe/kissat",
    "min_num_adders=2",
    "max_num_adders=2",
    "allow_coefficient_sign_inversion=2",
    "timeout=300"
  ],
  "returncode": 0,
  "satcmm_duration_seconds": 503.7591780722141,
  "analyzer_duration_seconds": 0.01141830813139677,
  "mux_cost": 10,
  "adder_graph_found": true
}