{
  "targets": "180|792|99|88|126|68|1|636|250|641|594|59|756|148|160|122",
  "satcmm_args": [
    "/home/bbarbe/exe/satcmm",
    "180|792|99|88|126|68|1|636|250|641|594|59|756|148|160|122",
    "allow_negative_coefficients=1",
    "solver_name=executable",
    "executable_binary=/home/bbarbe/exe/kissat",
    "min_num_adders=2",
    "max_num_adders=2",
    "allow_coefficient_sign_inversion=2",
    "timeout=300"
  ],
  "returncode": 0,
  "satcmm_duration_seconds": 63.57533986121416,
  "analyzer_duration_seconds": 0.011312324553728104,
  "mux_cost": 9,
  "adder_graph_found": true
}