{
  "targets": "268|2039|2560|3936|148|1800|388|3120|254|4084|576|455|608|639|976|462",
  "satcmm_args": [
    "/home/bbarbe/exe/satcmm",
    "268|2039|2560|3936|148|1800|388|3120|254|4084|576|455|608|639|976|462",
    "allow_negative_coefficients=1",
    "solver_name=executable",
    "executable_binary=/home/bbarbe/exe/kissat",
    "min_num_adders=2",
    "max_num_adders=2",
    "allow_coefficient_sign_inversion=2",
    "timeout=300"
  ],
  "returncode": 0,
  "satcmm_duration_seconds": 153.73851267062128,
  "analyzer_duration_seconds": 0.01130590122193098,
  "mux_cost": 10,
  "adder_graph_found": true
}