{
  "targets": "912|4068|1033|241|1784|23|325|2880|208|2300|1542|108|2208|1152|1044|119|100|127|930|1535|3056|2028|1600|193|13|2051|2049|2034|240|4048|3808|97|238|38|1009|264|1300|1016|2104|1820|2016|3870|542|312|990|2286|1038|1808|452|529|2088|2520|1952|1794|767|4076|441|10|114|176|864|434|519|630|1084|1800|3616|184|47|118|500|382|3264|488|2128|51|924|1156|2272|448|252|256|892|4082|222|76|284|192|4091|766|2720|3080|522|155|62|1027|2024|2008|288|253|44|444|1087|585|484|27|49|385|704|1048|290|3842|772|1116|2064|2580|1806|4064|3580|3586|2159|2565|945|90|2142|495|1008|248",
  "satcmm_args": [
    "/home/bbarbe/exe/satcmm",
    "912|4068|1033|241|1784|23|325|2880|208|2300|1542|108|2208|1152|1044|119|100|127|930|1535|3056|2028|1600|193|13|2051|2049|2034|240|4048|3808|97|238|38|1009|264|1300|1016|2104|1820|2016|3870|542|312|990|2286|1038|1808|452|529|2088|2520|1952|1794|767|4076|441|10|114|176|864|434|519|630|1084|1800|3616|184|47|118|500|382|3264|488|2128|51|924|1156|2272|448|252|256|892|4082|222|76|284|192|4091|766|2720|3080|522|155|62|1027|2024|2008|288|253|44|444|1087|585|484|27|49|385|704|1048|290|3842|772|1116|2064|2580|1806|4064|3580|3586|2159|2565|945|90|2142|495|1008|248",
    "allow_negative_coefficients=1",
    "solver_name=executable",
    "executable_binary=/home/bbarbe/exe/kissat",
    "min_num_adders=2",
    "max_num_adders=2",
    "allow_coefficient_sign_inversion=2"
  ],
  "returncode": -9,
  "satcmm_duration_seconds": 600.1019102791324,
  "analyzer_duration_seconds": 0.013960333541035652,
  "mux_cost": 73,
  "adder_graph_found": true,
  "killed_by_timeout": true
}