{
  "targets": "225|236|148|189|71|20|198|140|49|18|25|116|111|217|79|81|119|62|238|9|34|118|153|15|145|12|50|64|251|191|108|63|5|132|143|127|204|37|222|54|90|150|241|104|176|223|41|52|0|95|61|35|138|85|73|188|156|200|22|252|220|152|136|84",
  "satcmm_args": [
    "/home/bbarbe/exe/satcmm",
    "225|236|148|189|71|20|198|140|49|18|25|116|111|217|79|81|119|62|238|9|34|118|153|15|145|12|50|64|251|191|108|63|5|132|143|127|204|37|222|54|90|150|241|104|176|223|41|52|0|95|61|35|138|85|73|188|156|200|22|252|220|152|136|84",
    "allow_negative_coefficients=1",
    "solver_name=executable",
    "executable_binary=/home/bbarbe/exe/kissat",
    "min_num_adders=2",
    "max_num_adders=2",
    "allow_coefficient_sign_inversion=2"
  ],
  "returncode": -9,
  "satcmm_duration_seconds": 600.0255771828815,
  "analyzer_duration_seconds": 0.013087964616715908,
  "mux_cost": 23,
  "adder_graph_found": true,
  "killed_by_timeout": true
}