{
  "targets": "248|2432|959|2050|2060|3069|968|910|1264|1824|256|2312|1017|3832|2308|975",
  "satcmm_args": [
    "/home/bbarbe/exe/satcmm",
    "248|2432|959|2050|2060|3069|968|910|1264|1824|256|2312|1017|3832|2308|975",
    "allow_negative_coefficients=1",
    "solver_name=executable",
    "executable_binary=/home/bbarbe/exe/kissat",
    "min_num_adders=2",
    "max_num_adders=2",
    "allow_coefficient_sign_inversion=2",
    "timeout=300"
  ],
  "returncode": 0,
  "satcmm_duration_seconds": 114.45330223627388,
  "analyzer_duration_seconds": 0.011244868859648705,
  "mux_cost": 10,
  "adder_graph_found": true
}