{
  "targets": "648|1014|975|121|51|620|632|1015|74|195|383|645|242|37|510|217",
  "satcmm_args": [
    "/home/bbarbe/exe/satcmm",
    "648|1014|975|121|51|620|632|1015|74|195|383|645|242|37|510|217",
    "allow_negative_coefficients=1",
    "solver_name=executable",
    "executable_binary=/home/bbarbe/exe/kissat",
    "min_num_adders=2",
    "max_num_adders=2",
    "allow_coefficient_sign_inversion=2",
    "timeout=300"
  ],
  "returncode": 0,
  "satcmm_duration_seconds": 32.60350756626576,
  "analyzer_duration_seconds": 0.011254969984292984,
  "mux_cost": 10,
  "adder_graph_found": true
}