{
  "targets": "102|88|195|158|160|216|41|14|204|24|113|11|19|135|132|76|49|17|105|3|40|0|12|33|10|208|225|25|120|121|100|193|161|57|85|124|99|79|26|128|137|63|35|46|55|196|118|180|47|217|110|136|184|186|194|226|21|67|153|74|84|38|246|94",
  "satcmm_args": [
    "/home/bbarbe/exe/satcmm",
    "102|88|195|158|160|216|41|14|204|24|113|11|19|135|132|76|49|17|105|3|40|0|12|33|10|208|225|25|120|121|100|193|161|57|85|124|99|79|26|128|137|63|35|46|55|196|118|180|47|217|110|136|184|186|194|226|21|67|153|74|84|38|246|94",
    "allow_negative_coefficients=1",
    "solver_name=executable",
    "executable_binary=/home/bbarbe/exe/kissat",
    "min_num_adders=2",
    "max_num_adders=2",
    "allow_coefficient_sign_inversion=2"
  ],
  "returncode": -9,
  "satcmm_duration_seconds": 600.1025814423338,
  "analyzer_duration_seconds": 0.012802465818822384,
  "mux_cost": 26,
  "adder_graph_found": true,
  "killed_by_timeout": true
}