{
  "runs": 15,
  "avg_satcmm_runtime_seconds": 552.679551623265,
  "avg_analyzer_runtime_seconds": 0.01477400619875301,
  "avg_mux_cost": 92.0,
  "killed_by_timeout": 11
}