{
  "targets": "24|17|50|81|382|18|100|232|608|910|180|198|223|135|265|276|511|496|434|928|196|500|38|390|498|462|1|161|1008|30|816|894",
  "satcmm_args": [
    "/home/bbarbe/exe/satcmm",
    "24|17|50|81|382|18|100|232|608|910|180|198|223|135|265|276|511|496|434|928|196|500|38|390|498|462|1|161|1008|30|816|894",
    "allow_negative_coefficients=1",
    "solver_name=executable",
    "executable_binary=/home/bbarbe/exe/kissat",
    "min_num_adders=2",
    "max_num_adders=2",
    "allow_coefficient_sign_inversion=2"
  ],
  "returncode": -6,
  "satcmm_duration_seconds": 513.5296509973705,
  "analyzer_duration_seconds": 0.012568436563014984,
  "mux_cost": 11,
  "adder_graph_found": true,
  "killed_by_timeout": false
}