{
  "targets": "122|3584|146|910|2096|130|1584|3591|1058|3078|2559|45|2312|4072|19|1360",
  "satcmm_args": [
    "/home/bbarbe/exe/satcmm",
    "122|3584|146|910|2096|130|1584|3591|1058|3078|2559|45|2312|4072|19|1360",
    "allow_negative_coefficients=1",
    "solver_name=executable",
    "executable_binary=/home/bbarbe/exe/kissat",
    "min_num_adders=2",
    "max_num_adders=2",
    "allow_coefficient_sign_inversion=2",
    "timeout=300"
  ],
  "returncode": 0,
  "satcmm_duration_seconds": 104.6961625451222,
  "analyzer_duration_seconds": 0.011319831945002079,
  "mux_cost": 10,
  "adder_graph_found": true
}