{
  "runs": 15,
  "avg_runtime_seconds": 506.7153303662315,
  "costs": {
    "fpga_delay": "not available",
    "area_cost": 7677.333333333333,
    "luts": 189.86666666666667,
    "mux_bits": 12.533333333333333,
    "mux_count": 11.6,
    "asic_delay": "not available"
  }
}