{
  "targets": "511|2062|1042|1344|208|2050|99|1904|2066|128|2053|1038|895|4091|1919|1504",
  "satcmm_args": [
    "/home/bbarbe/exe/satcmm",
    "511|2062|1042|1344|208|2050|99|1904|2066|128|2053|1038|895|4091|1919|1504",
    "allow_negative_coefficients=1",
    "solver_name=executable",
    "executable_binary=/home/bbarbe/exe/kissat",
    "min_num_adders=2",
    "max_num_adders=2",
    "allow_coefficient_sign_inversion=2",
    "timeout=300"
  ],
  "returncode": 0,
  "satcmm_duration_seconds": 35.72298244945705,
  "analyzer_duration_seconds": 0.01141599752008915,
  "mux_cost": 8,
  "adder_graph_found": true
}