{
  "targets": "497|296|575|239|127|478|96|372|292|340|223|8|111|71|352|49|15|238|116|638|472|1015|384|1000|54|994|261|67|498|952|84|898|704|168|3|249|210|840|896|41|568|176|138|975|509|5|226|578|484|792|74|58|1004|62|752|263|158|251|160|480|82|92|495|864",
  "satcmm_args": [
    "/home/bbarbe/exe/satcmm",
    "497|296|575|239|127|478|96|372|292|340|223|8|111|71|352|49|15|238|116|638|472|1015|384|1000|54|994|261|67|498|952|84|898|704|168|3|249|210|840|896|41|568|176|138|975|509|5|226|578|484|792|74|58|1004|62|752|263|158|251|160|480|82|92|495|864",
    "allow_negative_coefficients=1",
    "solver_name=executable",
    "executable_binary=/home/bbarbe/exe/kissat",
    "min_num_adders=2",
    "max_num_adders=2",
    "allow_coefficient_sign_inversion=2"
  ],
  "returncode": -9,
  "satcmm_duration_seconds": 600.102593912743,
  "analyzer_duration_seconds": 0.012795227579772472,
  "mux_cost": 25,
  "adder_graph_found": true,
  "killed_by_timeout": true
}