{
  "targets": "930|4094|133|2300|2304|497|3780|61|145|50|21|126|1016|184|4078|2018",
  "satcmm_args": [
    "/home/bbarbe/exe/satcmm",
    "930|4094|133|2300|2304|497|3780|61|145|50|21|126|1016|184|4078|2018",
    "allow_negative_coefficients=1",
    "solver_name=executable",
    "executable_binary=/home/bbarbe/exe/kissat",
    "min_num_adders=2",
    "max_num_adders=2",
    "allow_coefficient_sign_inversion=2",
    "timeout=300"
  ],
  "returncode": 0,
  "satcmm_duration_seconds": 272.13150950241834,
  "analyzer_duration_seconds": 0.0112439701333642,
  "mux_cost": 10,
  "adder_graph_found": true
}