{
  "targets": "1536|4028|2050|1028|552|1089|3168|964|2066|125|19|300|3856|1105|1009|176|225|226|532|1281|2079|2688|1041|2520|464|2144|975|8|5|1058|385|140|4090|2008|517|500|41|432|530|88|325|1504|241|3070|2052|1021|145|1764|111|756|769|4089|4062|1778|1264|2096|1936|502|988|449|3552|336|660|7|1952|991|1023|56|74|482|521|75|1488|3952|2044|3964|1019|2480|1785|3075|620|1912|2550|1017|968|254|478|3584|95|1512|2296|503|448|66|98|548|69|608|137|143|3776|4093|228|1528|3576|40|444|2159|3073|2055|288|4031|153|18|2049|2368|993|4072|93|1030|131|2051|452|2033|656|312|930|52",
  "satcmm_args": [
    "/home/bbarbe/exe/satcmm",
    "1536|4028|2050|1028|552|1089|3168|964|2066|125|19|300|3856|1105|1009|176|225|226|532|1281|2079|2688|1041|2520|464|2144|975|8|5|1058|385|140|4090|2008|517|500|41|432|530|88|325|1504|241|3070|2052|1021|145|1764|111|756|769|4089|4062|1778|1264|2096|1936|502|988|449|3552|336|660|7|1952|991|1023|56|74|482|521|75|1488|3952|2044|3964|1019|2480|1785|3075|620|1912|2550|1017|968|254|478|3584|95|1512|2296|503|448|66|98|548|69|608|137|143|3776|4093|228|1528|3576|40|444|2159|3073|2055|288|4031|153|18|2049|2368|993|4072|93|1030|131|2051|452|2033|656|312|930|52",
    "allow_negative_coefficients=1",
    "solver_name=executable",
    "executable_binary=/home/bbarbe/exe/kissat",
    "min_num_adders=2",
    "max_num_adders=2",
    "allow_coefficient_sign_inversion=2"
  ],
  "returncode": -9,
  "satcmm_duration_seconds": 600.1014037188143,
  "analyzer_duration_seconds": 0.013616467826068401,
  "mux_cost": 74,
  "adder_graph_found": true,
  "killed_by_timeout": true
}