{
  "targets": "191|580|100|128|6|368|568|4|945|585|57|494|764|532|516|17",
  "satcmm_args": [
    "/home/bbarbe/exe/satcmm",
    "191|580|100|128|6|368|568|4|945|585|57|494|764|532|516|17",
    "allow_negative_coefficients=1",
    "solver_name=executable",
    "executable_binary=/home/bbarbe/exe/kissat",
    "min_num_adders=2",
    "max_num_adders=2",
    "allow_coefficient_sign_inversion=2",
    "timeout=300"
  ],
  "returncode": 0,
  "satcmm_duration_seconds": 78.10233226418495,
  "analyzer_duration_seconds": 0.011034484952688217,
  "mux_cost": 9,
  "adder_graph_found": true
}