{
  "targets": "111|123|102|62|63|90|200|254|88|57|192|67|113|44|80|158|18|161|162|50|119|69|190|208|75|35|2|104|125|220|150|124|191|56|145|146|232|184|225|253|193|223|216|156|210|41|180|25|34|129|217|40|42|186|242|189|74|236|32|81|11|176|122|49",
  "satcmm_args": [
    "/home/bbarbe/exe/satcmm",
    "111|123|102|62|63|90|200|254|88|57|192|67|113|44|80|158|18|161|162|50|119|69|190|208|75|35|2|104|125|220|150|124|191|56|145|146|232|184|225|253|193|223|216|156|210|41|180|25|34|129|217|40|42|186|242|189|74|236|32|81|11|176|122|49",
    "allow_negative_coefficients=1",
    "solver_name=executable",
    "executable_binary=/home/bbarbe/exe/kissat",
    "min_num_adders=2",
    "max_num_adders=2",
    "allow_coefficient_sign_inversion=2"
  ],
  "returncode": -9,
  "satcmm_duration_seconds": 600.1021422585472,
  "analyzer_duration_seconds": 0.013209749944508076,
  "mux_cost": 25,
  "adder_graph_found": true,
  "killed_by_timeout": true
}