{
  "targets": "2480|2000|1280|191|2528|2565|530|195|1260|630|2193|2240|2816|584|800|10|310|635|4028|336|1150|108|992|142|2144|274|66|2376|1080|1778|300|1888",
  "satcmm_args": [
    "/home/bbarbe/exe/satcmm",
    "2480|2000|1280|191|2528|2565|530|195|1260|630|2193|2240|2816|584|800|10|310|635|4028|336|1150|108|992|142|2144|274|66|2376|1080|1778|300|1888",
    "allow_negative_coefficients=1",
    "solver_name=executable",
    "executable_binary=/home/bbarbe/exe/kissat",
    "min_num_adders=2",
    "max_num_adders=2",
    "allow_coefficient_sign_inversion=2"
  ],
  "returncode": 1,
  "satcmm_duration_seconds": 257.658683241345,
  "analyzer_duration_seconds": 0.012245595455169678,
  "mux_cost": 16,
  "adder_graph_found": true,
  "killed_by_timeout": false
}