{
  "targets": "49|35|27|180|196|84|37|23|26|224|28|8|188|102|184|46|159|137|193|129|246|71|52|57|2|58|254|223|96|69|16|12",
  "satcmm_args": [
    "/home/bbarbe/exe/satcmm",
    "49|35|27|180|196|84|37|23|26|224|28|8|188|102|184|46|159|137|193|129|246|71|52|57|2|58|254|223|96|69|16|12",
    "allow_negative_coefficients=1",
    "solver_name=executable",
    "executable_binary=/home/bbarbe/exe/kissat",
    "min_num_adders=2",
    "max_num_adders=2",
    "allow_coefficient_sign_inversion=2"
  ],
  "returncode": -9,
  "satcmm_duration_seconds": 600.1027864618227,
  "analyzer_duration_seconds": 0.01288730837404728,
  "mux_cost": 9,
  "adder_graph_found": true,
  "killed_by_timeout": true
}