{
  "targets": "16|94|126|54|144|41|99|7|195|93|74|194|10|98|170|145|102|21|130|242|72|36|48|70|193|186|1|168|238|136|92|96|232|255|122|110|97|180|142|137|192|254|6|246|224|56|12|64|133|116|79|123|31|162|146|75|128|23|155|222|241|188|58|251|46|161|236|250|32|158|52|65|156|42|55|231|0|200|118|148|51|68|26|60|104|44|80|121|20|11|247|165|119|78|220|152|114|244|204|27|38|225|143|62|85|111|73|67|33|29|95|63|34|127|190|28|153|208|125|30|176|24|37|25|248|81|71|100",
  "satcmm_args": [
    "/home/bbarbe/exe/satcmm",
    "16|94|126|54|144|41|99|7|195|93|74|194|10|98|170|145|102|21|130|242|72|36|48|70|193|186|1|168|238|136|92|96|232|255|122|110|97|180|142|137|192|254|6|246|224|56|12|64|133|116|79|123|31|162|146|75|128|23|155|222|241|188|58|251|46|161|236|250|32|158|52|65|156|42|55|231|0|200|118|148|51|68|26|60|104|44|80|121|20|11|247|165|119|78|220|152|114|244|204|27|38|225|143|62|85|111|73|67|33|29|95|63|34|127|190|28|153|208|125|30|176|24|37|25|248|81|71|100",
    "allow_negative_coefficients=1",
    "solver_name=executable",
    "executable_binary=/home/bbarbe/exe/kissat",
    "min_num_adders=2",
    "max_num_adders=2",
    "allow_coefficient_sign_inversion=2"
  ],
  "returncode": -9,
  "satcmm_duration_seconds": 600.1014097211882,
  "analyzer_duration_seconds": 0.013904256746172905,
  "mux_cost": 61,
  "adder_graph_found": true,
  "killed_by_timeout": true
}