{
  "targets": "135|284|511|630|158|378|480|2081|4030|1904|30|36|3937|892|2056|760",
  "satcmm_args": [
    "/home/bbarbe/exe/satcmm",
    "135|284|511|630|158|378|480|2081|4030|1904|30|36|3937|892|2056|760",
    "allow_negative_coefficients=1",
    "solver_name=executable",
    "executable_binary=/home/bbarbe/exe/kissat",
    "min_num_adders=2",
    "max_num_adders=2",
    "allow_coefficient_sign_inversion=2",
    "timeout=300"
  ],
  "returncode": 0,
  "satcmm_duration_seconds": 493.52840271871537,
  "analyzer_duration_seconds": 0.011548676528036594,
  "mux_cost": 10,
  "adder_graph_found": true
}