{
  "runs": 15,
  "avg_runtime_seconds": 600.1027074857925,
  "costs": {
    "fpga_delay": "not available",
    "area_cost": 8490.933333333332,
    "luts": 533.3333333333334,
    "mux_bits": 14.066666666666666,
    "mux_count": 16.266666666666666,
    "asic_delay": "not available"
  }
}