{
  "targets": "1278|2060|12|1968|2110|521|257|168|165|1537|131|290|1144|1116|3008|3999",
  "satcmm_args": [
    "/home/bbarbe/exe/satcmm",
    "1278|2060|12|1968|2110|521|257|168|165|1537|131|290|1144|1116|3008|3999",
    "allow_negative_coefficients=1",
    "solver_name=executable",
    "executable_binary=/home/bbarbe/exe/kissat",
    "min_num_adders=2",
    "max_num_adders=2",
    "allow_coefficient_sign_inversion=2",
    "timeout=300"
  ],
  "returncode": 0,
  "satcmm_duration_seconds": 89.99097125697881,
  "analyzer_duration_seconds": 0.011460359208285809,
  "mux_cost": 10,
  "adder_graph_found": true
}