{
  "targets": "3616|765|3598|517|268|2576|64|2046|57|1275|3970|54|2168|378|152|1344|1776|1025|239|76|2159|476|2322|1530|1154|111|513|672|1916|800|4078|1027|155|1040|1793|2034|1152|3839|2559|639|585|4095|2528|3810|388|1029|2113|4090|497|110|990|888|465|660|545|65|524|74|1988|37|518|514|2336|4092",
  "satcmm_args": [
    "/home/bbarbe/exe/satcmm",
    "3616|765|3598|517|268|2576|64|2046|57|1275|3970|54|2168|378|152|1344|1776|1025|239|76|2159|476|2322|1530|1154|111|513|672|1916|800|4078|1027|155|1040|1793|2034|1152|3839|2559|639|585|4095|2528|3810|388|1029|2113|4090|497|110|990|888|465|660|545|65|524|74|1988|37|518|514|2336|4092",
    "allow_negative_coefficients=1",
    "solver_name=executable",
    "executable_binary=/home/bbarbe/exe/kissat",
    "min_num_adders=2",
    "max_num_adders=2",
    "allow_coefficient_sign_inversion=2"
  ],
  "returncode": -6,
  "satcmm_duration_seconds": 159.9893596880138,
  "analyzer_duration_seconds": 0.013412365689873695,
  "mux_cost": 63,
  "adder_graph_found": true,
  "killed_by_timeout": false
}