{
  "targets": "251|244|161|56|192|108|46|51|231|198|124|28|126|70|118|36",
  "satcmm_args": [
    "/home/bbarbe/exe/satcmm",
    "251|244|161|56|192|108|46|51|231|198|124|28|126|70|118|36",
    "allow_negative_coefficients=1",
    "solver_name=executable",
    "executable_binary=/home/bbarbe/exe/kissat",
    "min_num_adders=2",
    "max_num_adders=2",
    "allow_coefficient_sign_inversion=2",
    "timeout=300"
  ],
  "returncode": 0,
  "satcmm_duration_seconds": 123.68121236003935,
  "analyzer_duration_seconds": 0.011132086627185345,
  "mux_cost": 8,
  "adder_graph_found": true
}