{
  "targets": "17|195|24|200|113|242|118|180|126|137|9|69|246|40|196|134",
  "satcmm_args": [
    "/home/bbarbe/exe/satcmm",
    "17|195|24|200|113|242|118|180|126|137|9|69|246|40|196|134",
    "allow_negative_coefficients=1",
    "solver_name=executable",
    "executable_binary=/home/bbarbe/exe/kissat",
    "min_num_adders=2",
    "max_num_adders=2",
    "allow_coefficient_sign_inversion=2",
    "timeout=300"
  ],
  "returncode": 0,
  "satcmm_duration_seconds": 34.75963260792196,
  "analyzer_duration_seconds": 0.011152129620313644,
  "mux_cost": 7,
  "adder_graph_found": true
}