{
  "targets": "45|31|8|13|27|50|55|23|11|0|56|19|39|48|63|40|52|20|59|10|25|28|38|12|36|58|46|22|51|61|62|21",
  "satcmm_args": [
    "/home/bbarbe/exe/satcmm",
    "45|31|8|13|27|50|55|23|11|0|56|19|39|48|63|40|52|20|59|10|25|28|38|12|36|58|46|22|51|61|62|21",
    "allow_negative_coefficients=1",
    "solver_name=executable",
    "executable_binary=/home/bbarbe/exe/kissat",
    "min_num_adders=2",
    "max_num_adders=2",
    "allow_coefficient_sign_inversion=2"
  ],
  "returncode": 0,
  "satcmm_duration_seconds": 228.98015555832535,
  "analyzer_duration_seconds": 0.011934187263250351,
  "mux_cost": 7,
  "adder_graph_found": true,
  "killed_by_timeout": false
}