{
  "targets": "102|388|624|444|40|456|31|208|286|146|316|912|632|660|386|17",
  "satcmm_args": [
    "/home/bbarbe/exe/satcmm",
    "102|388|624|444|40|456|31|208|286|146|316|912|632|660|386|17",
    "allow_negative_coefficients=1",
    "solver_name=executable",
    "executable_binary=/home/bbarbe/exe/kissat",
    "min_num_adders=2",
    "max_num_adders=2",
    "allow_coefficient_sign_inversion=2",
    "timeout=300"
  ],
  "returncode": 0,
  "satcmm_duration_seconds": 50.16496994905174,
  "analyzer_duration_seconds": 0.013409498147666454,
  "mux_cost": 7,
  "adder_graph_found": true
}