{
  "targets": "520|61|478|195|765|25|962|638|325|472|868|992|630|95|270|241",
  "satcmm_args": [
    "/home/bbarbe/exe/satcmm",
    "520|61|478|195|765|25|962|638|325|472|868|992|630|95|270|241",
    "allow_negative_coefficients=1",
    "solver_name=executable",
    "executable_binary=/home/bbarbe/exe/kissat",
    "min_num_adders=2",
    "max_num_adders=2",
    "allow_coefficient_sign_inversion=2",
    "timeout=300"
  ],
  "returncode": 0,
  "satcmm_duration_seconds": 41.780972111038864,
  "analyzer_duration_seconds": 0.011419782415032387,
  "mux_cost": 9,
  "adder_graph_found": true
}