{
  "targets": "61|68|198|6|36|93|14|85|113|62|244|29|126|110|135|238|22|254|158|242|46|41|176|13|47|50|33|164|134|240|3|162|70|7|38|79|142|122|31|102|241|0|45|1|15|18|248|21|64|23|129|74|80|250|104|58|192|112|73|75|143|191|116|44|190|125|35|98|159|48|140|55|226|42|222|67|186|4|40|150|118|189|54|132|252|236|95|72|76|94|105|208|180|16|121|24|124|217|225|28|220|184|34|144|37|224|196|88|66|10|138|195|193|17|239|128|60|57|210|96|130|119|251|49|160|246|99|247",
  "satcmm_args": [
    "/home/bbarbe/exe/satcmm",
    "61|68|198|6|36|93|14|85|113|62|244|29|126|110|135|238|22|254|158|242|46|41|176|13|47|50|33|164|134|240|3|162|70|7|38|79|142|122|31|102|241|0|45|1|15|18|248|21|64|23|129|74|80|250|104|58|192|112|73|75|143|191|116|44|190|125|35|98|159|48|140|55|226|42|222|67|186|4|40|150|118|189|54|132|252|236|95|72|76|94|105|208|180|16|121|24|124|217|225|28|220|184|34|144|37|224|196|88|66|10|138|195|193|17|239|128|60|57|210|96|130|119|251|49|160|246|99|247",
    "allow_negative_coefficients=1",
    "solver_name=executable",
    "executable_binary=/home/bbarbe/exe/kissat",
    "min_num_adders=2",
    "max_num_adders=2",
    "allow_coefficient_sign_inversion=2"
  ],
  "returncode": -9,
  "satcmm_duration_seconds": 600.1032839342952,
  "analyzer_duration_seconds": 0.013724735006690025,
  "mux_cost": 65,
  "adder_graph_found": true,
  "killed_by_timeout": true
}