{
  "targets": "92|226|3|70|46|196|93|12|35|78|180|198|158|195|186|27|160|66|119|34|48|8|240|72|165|97|68|17|23|60|63|37|176|33|246|90|84|113|125|242|11|255|236|239|253|153|0|138|105|4|136|62|210|102|142|28|216|9|127|254|252|67|121|248|241|140|156|191|6|126|244|20|164|225|224|250|39|189|150|15|135|118|14|75|159|54|61|108|96|131|71|88|194|57|208|112|65|19|80|45|26|111|124|85|188|64|104|162|134|73|152|22|123|222|16|36|40|100|25|56|74|2|50|247|130|38|193|116",
  "satcmm_args": [
    "/home/bbarbe/exe/satcmm",
    "92|226|3|70|46|196|93|12|35|78|180|198|158|195|186|27|160|66|119|34|48|8|240|72|165|97|68|17|23|60|63|37|176|33|246|90|84|113|125|242|11|255|236|239|253|153|0|138|105|4|136|62|210|102|142|28|216|9|127|254|252|67|121|248|241|140|156|191|6|126|244|20|164|225|224|250|39|189|150|15|135|118|14|75|159|54|61|108|96|131|71|88|194|57|208|112|65|19|80|45|26|111|124|85|188|64|104|162|134|73|152|22|123|222|16|36|40|100|25|56|74|2|50|247|130|38|193|116",
    "allow_negative_coefficients=1",
    "solver_name=executable",
    "executable_binary=/home/bbarbe/exe/kissat",
    "min_num_adders=2",
    "max_num_adders=2",
    "allow_coefficient_sign_inversion=2"
  ],
  "returncode": -9,
  "satcmm_duration_seconds": 600.1021705428138,
  "analyzer_duration_seconds": 0.014126332476735115,
  "mux_cost": 54,
  "adder_graph_found": true,
  "killed_by_timeout": true
}