{
  "targets": "994|1548|388|1520|3556|69|1055|577|386|545|958|1042|518|99|24|509|3999|1025|3328|257|2193|2376|585|1785|546|1151|3072|1905|125|378|771|144|1888|48|2050|2272|1312|2060|2560|2168|968|3056|2024|270|840|552|44|265|1992|223|1664|3906|100|519|4087|1160|2096|780|59|527|479|385|452|2081",
  "satcmm_args": [
    "/home/bbarbe/exe/satcmm",
    "994|1548|388|1520|3556|69|1055|577|386|545|958|1042|518|99|24|509|3999|1025|3328|257|2193|2376|585|1785|546|1151|3072|1905|125|378|771|144|1888|48|2050|2272|1312|2060|2560|2168|968|3056|2024|270|840|552|44|265|1992|223|1664|3906|100|519|4087|1160|2096|780|59|527|479|385|452|2081",
    "allow_negative_coefficients=1",
    "solver_name=executable",
    "executable_binary=/home/bbarbe/exe/kissat",
    "min_num_adders=2",
    "max_num_adders=2",
    "allow_coefficient_sign_inversion=2"
  ],
  "returncode": -9,
  "satcmm_duration_seconds": 600.0665160985664,
  "analyzer_duration_seconds": 0.012572893872857094,
  "mux_cost": 34,
  "adder_graph_found": true,
  "killed_by_timeout": true
}