{
  "targets": "265|133|19|548|105|1023|50|904|257|930|20|465|494|645|261|897|59|127|756|385|322|247|33|924|446|502|254|21|390|11|650|360",
  "satcmm_args": [
    "/home/bbarbe/exe/satcmm",
    "265|133|19|548|105|1023|50|904|257|930|20|465|494|645|261|897|59|127|756|385|322|247|33|924|446|502|254|21|390|11|650|360",
    "allow_negative_coefficients=1",
    "solver_name=executable",
    "executable_binary=/home/bbarbe/exe/kissat",
    "min_num_adders=2",
    "max_num_adders=2",
    "allow_coefficient_sign_inversion=2"
  ],
  "returncode": 1,
  "satcmm_duration_seconds": 34.31074818596244,
  "analyzer_duration_seconds": 0.012662667781114578,
  "mux_cost": 26,
  "adder_graph_found": true,
  "killed_by_timeout": false
}