{
  "targets": "290|584|516|1150|3612|1000|59|2028|1278|1056|961|140|45|130|578|882",
  "satcmm_args": [
    "/home/bbarbe/exe/satcmm",
    "290|584|516|1150|3612|1000|59|2028|1278|1056|961|140|45|130|578|882",
    "allow_negative_coefficients=1",
    "solver_name=executable",
    "executable_binary=/home/bbarbe/exe/kissat",
    "min_num_adders=2",
    "max_num_adders=2",
    "allow_coefficient_sign_inversion=2",
    "timeout=300"
  ],
  "returncode": 0,
  "satcmm_duration_seconds": 98.18775759544224,
  "analyzer_duration_seconds": 0.011037087067961693,
  "mux_cost": 9,
  "adder_graph_found": true
}