{
  "targets": "2552|112|2300|1920|2096|952|94|288|585|480|247|21|484|242|136|2480",
  "satcmm_args": [
    "/home/bbarbe/exe/satcmm",
    "2552|112|2300|1920|2096|952|94|288|585|480|247|21|484|242|136|2480",
    "allow_negative_coefficients=1",
    "solver_name=executable",
    "executable_binary=/home/bbarbe/exe/kissat",
    "min_num_adders=2",
    "max_num_adders=2",
    "allow_coefficient_sign_inversion=2",
    "timeout=300"
  ],
  "returncode": 0,
  "satcmm_duration_seconds": 100.01020416803658,
  "analyzer_duration_seconds": 0.011348688043653965,
  "mux_cost": 9,
  "adder_graph_found": true
}