{
  "targets": "228|2565|135|408|1344|1793|3120|3586|3075|55|484|1533|2208|129|3720|78",
  "satcmm_args": [
    "/home/bbarbe/exe/satcmm",
    "228|2565|135|408|1344|1793|3120|3586|3075|55|484|1533|2208|129|3720|78",
    "allow_negative_coefficients=1",
    "solver_name=executable",
    "executable_binary=/home/bbarbe/exe/kissat",
    "min_num_adders=2",
    "max_num_adders=2",
    "allow_coefficient_sign_inversion=2",
    "timeout=300"
  ],
  "returncode": 0,
  "satcmm_duration_seconds": 93.91846315190196,
  "analyzer_duration_seconds": 0.011382190510630608,
  "mux_cost": 11,
  "adder_graph_found": true
}