{
  "targets": "768|0|180|505|396|114|632|142|545|261|93|72|164|328|31|118",
  "satcmm_args": [
    "/home/bbarbe/exe/satcmm",
    "768|0|180|505|396|114|632|142|545|261|93|72|164|328|31|118",
    "allow_negative_coefficients=1",
    "solver_name=executable",
    "executable_binary=/home/bbarbe/exe/kissat",
    "min_num_adders=2",
    "max_num_adders=2",
    "allow_coefficient_sign_inversion=2",
    "timeout=300"
  ],
  "returncode": 0,
  "satcmm_duration_seconds": 78.04158610478044,
  "analyzer_duration_seconds": 0.011069859378039837,
  "mux_cost": 9,
  "adder_graph_found": true
}