{
  "targets": "58|26|94|261|515|144|251|98|264|352|764|912|578|296|7|900",
  "satcmm_args": [
    "/home/bbarbe/exe/satcmm",
    "58|26|94|261|515|144|251|98|264|352|764|912|578|296|7|900",
    "allow_negative_coefficients=1",
    "solver_name=executable",
    "executable_binary=/home/bbarbe/exe/kissat",
    "min_num_adders=2",
    "max_num_adders=2",
    "allow_coefficient_sign_inversion=2",
    "timeout=300"
  ],
  "returncode": 0,
  "satcmm_duration_seconds": 93.27746901474893,
  "analyzer_duration_seconds": 0.011075614020228386,
  "mux_cost": 7,
  "adder_graph_found": true
}