{
  "targets": "624|888|396|1012|13|2065|480|192|67|2051|3855|290|240|6|164|1488|2045|2|1022|2564|71|143|4028|23|11|2302|2096|868|315|767|1820|952",
  "satcmm_args": [
    "/home/bbarbe/exe/satcmm",
    "624|888|396|1012|13|2065|480|192|67|2051|3855|290|240|6|164|1488|2045|2|1022|2564|71|143|4028|23|11|2302|2096|868|315|767|1820|952",
    "allow_negative_coefficients=1",
    "solver_name=executable",
    "executable_binary=/home/bbarbe/exe/kissat",
    "min_num_adders=2",
    "max_num_adders=2",
    "allow_coefficient_sign_inversion=2"
  ],
  "returncode": -9,
  "satcmm_duration_seconds": 600.0310082398355,
  "analyzer_duration_seconds": 0.012967965565621853,
  "mux_cost": 13,
  "adder_graph_found": true,
  "killed_by_timeout": true
}