{
  "targets": "9|8|251|67|216|58|160|165|123|142|72|225|14|26|37|32|64|90|60|189|97|232|255|159|104|38|66|239|11|127|88|250",
  "satcmm_args": [
    "/home/bbarbe/exe/satcmm",
    "9|8|251|67|216|58|160|165|123|142|72|225|14|26|37|32|64|90|60|189|97|232|255|159|104|38|66|239|11|127|88|250",
    "allow_negative_coefficients=1",
    "solver_name=executable",
    "executable_binary=/home/bbarbe/exe/kissat",
    "min_num_adders=2",
    "max_num_adders=2",
    "allow_coefficient_sign_inversion=2"
  ],
  "returncode": -9,
  "satcmm_duration_seconds": 600.1019191509113,
  "analyzer_duration_seconds": 0.0125294029712677,
  "mux_cost": 9,
  "adder_graph_found": true,
  "killed_by_timeout": true
}