{
  "targets": "1953|168|816|84|1288|376|388|4090|2177|3810|3520|4081|1038|488|2580|2175",
  "satcmm_args": [
    "/home/bbarbe/exe/satcmm",
    "1953|168|816|84|1288|376|388|4090|2177|3810|3520|4081|1038|488|2580|2175",
    "allow_negative_coefficients=1",
    "solver_name=executable",
    "executable_binary=/home/bbarbe/exe/kissat",
    "min_num_adders=2",
    "max_num_adders=2",
    "allow_coefficient_sign_inversion=2",
    "timeout=300"
  ],
  "returncode": 0,
  "satcmm_duration_seconds": 131.17541754059494,
  "analyzer_duration_seconds": 0.011599081568419933,
  "mux_cost": 11,
  "adder_graph_found": true
}