{
  "targets": "200|165|244|170|241|146|994|67|509|20|288|210|325|65|444|520",
  "satcmm_args": [
    "/home/bbarbe/exe/satcmm",
    "200|165|244|170|241|146|994|67|509|20|288|210|325|65|444|520",
    "allow_negative_coefficients=1",
    "solver_name=executable",
    "executable_binary=/home/bbarbe/exe/kissat",
    "min_num_adders=2",
    "max_num_adders=2",
    "allow_coefficient_sign_inversion=2",
    "timeout=300"
  ],
  "returncode": 0,
  "satcmm_duration_seconds": 60.97182788327336,
  "analyzer_duration_seconds": 0.010996947064995766,
  "mux_cost": 9,
  "adder_graph_found": true
}