{
  "runs": 15,
  "avg_satcmm_runtime_seconds": 458.4621799872567,
  "avg_analyzer_runtime_seconds": 0.012622398572663467,
  "avg_mux_cost": 17.333333333333332,
  "killed_by_timeout": 9
}