{
  "targets": "120|231|159|200|52|19|252|108|127|216|61|10|124|98|54|4|196|38|176|195|22|133|50|226|9|210|217|132|130|105|186|18|84|51|76|14|254|194|220|135|45|21|65|126|33|93|241|192|189|24|145|68|100|240|122|188|128|110|165|138|253|244|184|190",
  "satcmm_args": [
    "/home/bbarbe/exe/satcmm",
    "120|231|159|200|52|19|252|108|127|216|61|10|124|98|54|4|196|38|176|195|22|133|50|226|9|210|217|132|130|105|186|18|84|51|76|14|254|194|220|135|45|21|65|126|33|93|241|192|189|24|145|68|100|240|122|188|128|110|165|138|253|244|184|190",
    "allow_negative_coefficients=1",
    "solver_name=executable",
    "executable_binary=/home/bbarbe/exe/kissat",
    "min_num_adders=2",
    "max_num_adders=2",
    "allow_coefficient_sign_inversion=2"
  ],
  "returncode": -9,
  "satcmm_duration_seconds": 600.0504153845832,
  "analyzer_duration_seconds": 0.012943125329911709,
  "mux_cost": 25,
  "adder_graph_found": true,
  "killed_by_timeout": true
}