{
  "runs": 15,
  "avg_runtime_seconds": 366.55245639638355,
  "costs": {
    "fpga_delay": "not available",
    "area_cost": 6581.333333333333,
    "luts": 162.0,
    "mux_bits": 11.4,
    "mux_count": 9.933333333333334,
    "asic_delay": "not available"
  }
}