{
  "targets": "1533|42|2688|1918|3840|4082|1504|22|2232|2111|253|251|2063|6|1150|81",
  "satcmm_args": [
    "/home/bbarbe/exe/satcmm",
    "1533|42|2688|1918|3840|4082|1504|22|2232|2111|253|251|2063|6|1150|81",
    "allow_negative_coefficients=1",
    "solver_name=executable",
    "executable_binary=/home/bbarbe/exe/kissat",
    "min_num_adders=2",
    "max_num_adders=2",
    "allow_coefficient_sign_inversion=2",
    "timeout=300"
  ],
  "returncode": 0,
  "satcmm_duration_seconds": 91.40699573233724,
  "analyzer_duration_seconds": 0.011006956920027733,
  "mux_cost": 10,
  "adder_graph_found": true
}