{
  "runs": 100,
  "avg_satcmm_runtime_seconds": 9.919087050464004,
  "avg_analyzer_runtime_seconds": 0.011167524540796876,
  "avg_mux_cost": 7.16
}