{
  "targets": "69|21|2|118|110|80|125|111|99|14|64|9|79|126|44|3|40|30|122|71|84|88|4|5|18|6|7|31|63|22|102|73",
  "satcmm_args": [
    "/home/bbarbe/exe/satcmm",
    "69|21|2|118|110|80|125|111|99|14|64|9|79|126|44|3|40|30|122|71|84|88|4|5|18|6|7|31|63|22|102|73",
    "allow_negative_coefficients=1",
    "solver_name=executable",
    "executable_binary=/home/bbarbe/exe/kissat",
    "min_num_adders=2",
    "max_num_adders=2",
    "allow_coefficient_sign_inversion=2"
  ],
  "returncode": 0,
  "satcmm_duration_seconds": 553.4325335863978,
  "analyzer_duration_seconds": 0.01274525560438633,
  "mux_cost": 7,
  "adder_graph_found": true,
  "killed_by_timeout": false
}