{
  "targets": "37|21|50|63|7|29|1|0|2|26|41|3|38|17|49|62|47|19|32|46|48|35|5|23|25|60|8|6|24|16|55|11",
  "satcmm_args": [
    "/home/bbarbe/exe/satcmm",
    "37|21|50|63|7|29|1|0|2|26|41|3|38|17|49|62|47|19|32|46|48|35|5|23|25|60|8|6|24|16|55|11",
    "allow_negative_coefficients=1",
    "solver_name=executable",
    "executable_binary=/home/bbarbe/exe/kissat",
    "min_num_adders=2",
    "max_num_adders=2",
    "allow_coefficient_sign_inversion=2"
  ],
  "returncode": 0,
  "satcmm_duration_seconds": 30.916120052337646,
  "analyzer_duration_seconds": 0.012230416759848595,
  "mux_cost": 16,
  "adder_graph_found": true,
  "killed_by_timeout": false
}