{
  "targets": "176|769|99|68|2688|28|2082|2076|2008|441|3839|3060|656|105|25|1544",
  "satcmm_args": [
    "/home/bbarbe/exe/satcmm",
    "176|769|99|68|2688|28|2082|2076|2008|441|3839|3060|656|105|25|1544",
    "allow_negative_coefficients=1",
    "solver_name=executable",
    "executable_binary=/home/bbarbe/exe/kissat",
    "min_num_adders=2",
    "max_num_adders=2",
    "allow_coefficient_sign_inversion=2",
    "timeout=300"
  ],
  "returncode": 0,
  "satcmm_duration_seconds": 81.8460453664884,
  "analyzer_duration_seconds": 0.011026475578546524,
  "mux_cost": 10,
  "adder_graph_found": true
}