{
  "targets": "80|320|45|704|113|238|3|284|270|325|1006|131|520|645|259|481",
  "satcmm_args": [
    "/home/bbarbe/exe/satcmm",
    "80|320|45|704|113|238|3|284|270|325|1006|131|520|645|259|481",
    "allow_negative_coefficients=1",
    "solver_name=executable",
    "executable_binary=/home/bbarbe/exe/kissat",
    "min_num_adders=2",
    "max_num_adders=2",
    "allow_coefficient_sign_inversion=2",
    "timeout=300"
  ],
  "returncode": 0,
  "satcmm_duration_seconds": 33.522939119488,
  "analyzer_duration_seconds": 0.01148451678454876,
  "mux_cost": 9,
  "adder_graph_found": true
}