{
  "targets": "271|744|153|8|1018|318|21|962|304|455|290|882|222|66|464|232",
  "satcmm_args": [
    "/home/bbarbe/exe/satcmm",
    "271|744|153|8|1018|318|21|962|304|455|290|882|222|66|464|232",
    "allow_negative_coefficients=1",
    "solver_name=executable",
    "executable_binary=/home/bbarbe/exe/kissat",
    "min_num_adders=2",
    "max_num_adders=2",
    "allow_coefficient_sign_inversion=2",
    "timeout=300"
  ],
  "returncode": 0,
  "satcmm_duration_seconds": 51.41562116984278,
  "analyzer_duration_seconds": 0.01117974054068327,
  "mux_cost": 8,
  "adder_graph_found": true
}