{
  "targets": "1025|4040|1799|2172|2052|248|2108|1952|462|1096|1288|3064|3360|84|584|57",
  "satcmm_args": [
    "/home/bbarbe/exe/satcmm",
    "1025|4040|1799|2172|2052|248|2108|1952|462|1096|1288|3064|3360|84|584|57",
    "allow_negative_coefficients=1",
    "solver_name=executable",
    "executable_binary=/home/bbarbe/exe/kissat",
    "min_num_adders=2",
    "max_num_adders=2",
    "allow_coefficient_sign_inversion=2",
    "timeout=300"
  ],
  "returncode": 0,
  "satcmm_duration_seconds": 320.59360652510077,
  "analyzer_duration_seconds": 0.011094558984041214,
  "mux_cost": 9,
  "adder_graph_found": true
}