{
  "targets": "762|118|544|8|644|64|416|270|450|456|635|210|545|319|216|898|764|952|248|400|1000|140|600|52|368|60|384|271|455|446|620|158|261|72|510|680|144|280|236|561|13|66|505|1008|577|123|387|552|165|48|262|944|224|30|304|378|98|1017|100|40|497|903|217|135|58|408|246|524|241|134|75|897|84|521|506|61|752|720|7|496|318|495|39|200|441|578|448|312|38|180|57|1007|529|388|33|390|112|560|770|162|548|31|479|704|1020|24|168|62|656|594|546|34|608|568|462|255|964|15|124|222|543|56|488|160|247|1021|624|465",
  "satcmm_args": [
    "/home/bbarbe/exe/satcmm",
    "762|118|544|8|644|64|416|270|450|456|635|210|545|319|216|898|764|952|248|400|1000|140|600|52|368|60|384|271|455|446|620|158|261|72|510|680|144|280|236|561|13|66|505|1008|577|123|387|552|165|48|262|944|224|30|304|378|98|1017|100|40|497|903|217|135|58|408|246|524|241|134|75|897|84|521|506|61|752|720|7|496|318|495|39|200|441|578|448|312|38|180|57|1007|529|388|33|390|112|560|770|162|548|31|479|704|1020|24|168|62|656|594|546|34|608|568|462|255|964|15|124|222|543|56|488|160|247|1021|624|465",
    "allow_negative_coefficients=1",
    "solver_name=executable",
    "executable_binary=/home/bbarbe/exe/kissat",
    "min_num_adders=2",
    "max_num_adders=2",
    "allow_coefficient_sign_inversion=2"
  ],
  "returncode": -9,
  "satcmm_duration_seconds": 600.1037784963846,
  "analyzer_duration_seconds": 0.012584105134010315,
  "mux_cost": 71,
  "adder_graph_found": true,
  "killed_by_timeout": true
}