{
  "targets": "259|99|1134|3969|2055|3972|3900|137|190|3810|2175|832|996|2080|270|1808",
  "satcmm_args": [
    "/home/bbarbe/exe/satcmm",
    "259|99|1134|3969|2055|3972|3900|137|190|3810|2175|832|996|2080|270|1808",
    "allow_negative_coefficients=1",
    "solver_name=executable",
    "executable_binary=/home/bbarbe/exe/kissat",
    "min_num_adders=2",
    "max_num_adders=2",
    "allow_coefficient_sign_inversion=2",
    "timeout=300"
  ],
  "returncode": 0,
  "satcmm_duration_seconds": 5929.442853088491,
  "analyzer_duration_seconds": 0.011350435204803944,
  "mux_cost": 11,
  "adder_graph_found": true
}