{
  "targets": "162|984|896|325|318|1020|1012|110|136|656|57|500|100|496|81|94|529|385|306|96|121|519|97|80|396|991|645|784|992|7|776|432",
  "satcmm_args": [
    "/home/bbarbe/exe/satcmm",
    "162|984|896|325|318|1020|1012|110|136|656|57|500|100|496|81|94|529|385|306|96|121|519|97|80|396|991|645|784|992|7|776|432",
    "allow_negative_coefficients=1",
    "solver_name=executable",
    "executable_binary=/home/bbarbe/exe/kissat",
    "min_num_adders=2",
    "max_num_adders=2",
    "allow_coefficient_sign_inversion=2"
  ],
  "returncode": -9,
  "satcmm_duration_seconds": 600.1028702817857,
  "analyzer_duration_seconds": 0.012549608014523983,
  "mux_cost": 12,
  "adder_graph_found": true,
  "killed_by_timeout": true
}