{
  "targets": "263|18|1216|2082|4068|220|476|1512|518|152|5|44|1057|1096|4063|310|1270|548|2295|1023|1184|3556|2296|2015|2576|4032|81|3472|3856|0|3810|2046",
  "satcmm_args": [
    "/home/bbarbe/exe/satcmm",
    "263|18|1216|2082|4068|220|476|1512|518|152|5|44|1057|1096|4063|310|1270|548|2295|1023|1184|3556|2296|2015|2576|4032|81|3472|3856|0|3810|2046",
    "allow_negative_coefficients=1",
    "solver_name=executable",
    "executable_binary=/home/bbarbe/exe/kissat",
    "min_num_adders=2",
    "max_num_adders=2",
    "allow_coefficient_sign_inversion=2"
  ],
  "returncode": -9,
  "satcmm_duration_seconds": 600.1005282448605,
  "analyzer_duration_seconds": 0.012572776526212692,
  "mux_cost": 15,
  "adder_graph_found": true,
  "killed_by_timeout": true
}