{
  "targets": "1009|2376|1890|1539|572|376|1086|760|1279|2012|2048|368|208|156|2060|4062",
  "satcmm_args": [
    "/home/bbarbe/exe/satcmm",
    "1009|2376|1890|1539|572|376|1086|760|1279|2012|2048|368|208|156|2060|4062",
    "allow_negative_coefficients=1",
    "solver_name=executable",
    "executable_binary=/home/bbarbe/exe/kissat",
    "min_num_adders=2",
    "max_num_adders=2",
    "allow_coefficient_sign_inversion=2",
    "timeout=300"
  ],
  "returncode": 0,
  "satcmm_duration_seconds": 1297.927853248082,
  "analyzer_duration_seconds": 0.011271098628640175,
  "mux_cost": 10,
  "adder_graph_found": true
}