{
  "targets": "880|524|975|390|472|81|50|720|636|289|4|105|319|576|536|204",
  "satcmm_args": [
    "/home/bbarbe/exe/satcmm",
    "880|524|975|390|472|81|50|720|636|289|4|105|319|576|536|204",
    "allow_negative_coefficients=1",
    "solver_name=executable",
    "executable_binary=/home/bbarbe/exe/kissat",
    "min_num_adders=2",
    "max_num_adders=2",
    "allow_coefficient_sign_inversion=2",
    "timeout=300"
  ],
  "returncode": 0,
  "satcmm_duration_seconds": 158.86078467778862,
  "analyzer_duration_seconds": 0.011427372694015503,
  "mux_cost": 9,
  "adder_graph_found": true
}