{
  "targets": "33|2|14|35|29|39|6|31|27|38|16|3|54|11|61|24|23|57|55|48|51|5|47|10|21|44|52|15|20|9|22|30",
  "satcmm_args": [
    "/home/bbarbe/exe/satcmm",
    "33|2|14|35|29|39|6|31|27|38|16|3|54|11|61|24|23|57|55|48|51|5|47|10|21|44|52|15|20|9|22|30",
    "allow_negative_coefficients=1",
    "solver_name=executable",
    "executable_binary=/home/bbarbe/exe/kissat",
    "min_num_adders=2",
    "max_num_adders=2",
    "allow_coefficient_sign_inversion=2"
  ],
  "returncode": 1,
  "satcmm_duration_seconds": 265.3276805812493,
  "analyzer_duration_seconds": 0.012794090434908867,
  "mux_cost": 23,
  "adder_graph_found": true,
  "killed_by_timeout": false
}