{
  "targets": "315|464|10|898|494|498|165|488|14|168|193|138|558|575|108|287",
  "satcmm_args": [
    "/home/bbarbe/exe/satcmm",
    "315|464|10|898|494|498|165|488|14|168|193|138|558|575|108|287",
    "allow_negative_coefficients=1",
    "solver_name=executable",
    "executable_binary=/home/bbarbe/exe/kissat",
    "min_num_adders=2",
    "max_num_adders=2",
    "allow_coefficient_sign_inversion=2",
    "timeout=300"
  ],
  "returncode": 0,
  "satcmm_duration_seconds": 26.13397082965821,
  "analyzer_duration_seconds": 0.011569722555577755,
  "mux_cost": 8,
  "adder_graph_found": true
}