{
  "targets": "48|584|492|36|70|191|262|120|680|378|17|127|236|306|465|642|66|352|639|945|575|304|484|1023|188|656|518|888|23|96|456|216|648|514|140|897|196|660|20|11|12|540|99|868|764|645|928|35|37|552|272|620|3|578|924|561|290|44|264|247|257|59|900|480|448|1016|1020|792|464|131|165|898|49|612|1018|529|864|104|520|256|26|22|380|273|1007|572|770|260|41|840|97|392|241|31|1004|263|760|146|159|265|297|507|904|548|988|100|270|192|2|319|108|387|93|13|720|504|385|128|1014|156|1022|585|208|386|408|494|996|447|274|360|496|51|328|765|4|521|135|65|968|47|232|976|744|594|769|45|960|592|672|500|5|258|56|28|142|1021|74|956|376|118|33|176|517|82|75|312|150|6|545|310|18|630|511|27|479|92|515|119|780|279|130|546|450|975|704|372|768|455|259|444|503|30|280|8|991|574|383|600|248|320|67|21|153|420|1017|434|472|194|321|238|513|896|81|736|396|10|240|7|340|497|122|284|38|242|200|261|903|204|244|488|478|944|95|762|964|180|644|189|29|220|381|1012|231|524|110|170|532|912|126|800|316|253|608|15|160|336",
  "satcmm_args": [
    "/home/bbarbe/exe/satcmm",
    "48|584|492|36|70|191|262|120|680|378|17|127|236|306|465|642|66|352|639|945|575|304|484|1023|188|656|518|888|23|96|456|216|648|514|140|897|196|660|20|11|12|540|99|868|764|645|928|35|37|552|272|620|3|578|924|561|290|44|264|247|257|59|900|480|448|1016|1020|792|464|131|165|898|49|612|1018|529|864|104|520|256|26|22|380|273|1007|572|770|260|41|840|97|392|241|31|1004|263|760|146|159|265|297|507|904|548|988|100|270|192|2|319|108|387|93|13|720|504|385|128|1014|156|1022|585|208|386|408|494|996|447|274|360|496|51|328|765|4|521|135|65|968|47|232|976|744|594|769|45|960|592|672|500|5|258|56|28|142|1021|74|956|376|118|33|176|517|82|75|312|150|6|545|310|18|630|511|27|479|92|515|119|780|279|130|546|450|975|704|372|768|455|259|444|503|30|280|8|991|574|383|600|248|320|67|21|153|420|1017|434|472|194|321|238|513|896|81|736|396|10|240|7|340|497|122|284|38|242|200|261|903|204|244|488|478|944|95|762|964|180|644|189|29|220|381|1012|231|524|110|170|532|912|126|800|316|253|608|15|160|336",
    "allow_negative_coefficients=1",
    "solver_name=executable",
    "executable_binary=/home/bbarbe/exe/kissat",
    "min_num_adders=2",
    "max_num_adders=2",
    "allow_coefficient_sign_inversion=2"
  ],
  "returncode": -9,
  "satcmm_duration_seconds": 600.1064404249191,
  "analyzer_duration_seconds": 0.014539103023707867,
  "mux_cost": 82,
  "adder_graph_found": true,
  "killed_by_timeout": true
}