{
  "targets": "128|92|136|78|208|90|132|186|66|96|15|85|158|111|216|35|13|74|82|12|60|48|119|50|156|176|124|146|3|164|143|7|224|5|108|71|127|135|105|134|95|153|25|152|188|137|94|27|246|80|6|69|125|1|191|34|84|126|180|255|57|44|254|67|241|228|40|79|184|217|10|168|160|210|238|54|231|32|129|190|220|193|51|21|2|162|104|38|46|49|239|196|45|29|118|249|225|16|39|114|144|97|222|138|47|59|142|252|204|22|161|4|123|148|159|93|36|253|226|31|65|250|28|73|8|192|200|155",
  "satcmm_args": [
    "/home/bbarbe/exe/satcmm",
    "128|92|136|78|208|90|132|186|66|96|15|85|158|111|216|35|13|74|82|12|60|48|119|50|156|176|124|146|3|164|143|7|224|5|108|71|127|135|105|134|95|153|25|152|188|137|94|27|246|80|6|69|125|1|191|34|84|126|180|255|57|44|254|67|241|228|40|79|184|217|10|168|160|210|238|54|231|32|129|190|220|193|51|21|2|162|104|38|46|49|239|196|45|29|118|249|225|16|39|114|144|97|222|138|47|59|142|252|204|22|161|4|123|148|159|93|36|253|226|31|65|250|28|73|8|192|200|155",
    "allow_negative_coefficients=1",
    "solver_name=executable",
    "executable_binary=/home/bbarbe/exe/kissat",
    "min_num_adders=2",
    "max_num_adders=2",
    "allow_coefficient_sign_inversion=2"
  ],
  "returncode": -9,
  "satcmm_duration_seconds": 600.0319305090234,
  "analyzer_duration_seconds": 0.013818087056279182,
  "mux_cost": 60,
  "adder_graph_found": true,
  "killed_by_timeout": true
}