{
  "targets": "287|16|896|956|241|266|1014|249|882|568|895|94|263|38|521|55|511|152|12|378|632|200|54|15|508|516|517|388|572|236|268|204|144|26|446|509|252|262|784|195|122|635|455|61|74|552|988|223|624|92|645|310|868|64|432|148|472|479|1000|505|492|35|767|1015",
  "satcmm_args": [
    "/home/bbarbe/exe/satcmm",
    "287|16|896|956|241|266|1014|249|882|568|895|94|263|38|521|55|511|152|12|378|632|200|54|15|508|516|517|388|572|236|268|204|144|26|446|509|252|262|784|195|122|635|455|61|74|552|988|223|624|92|645|310|868|64|432|148|472|479|1000|505|492|35|767|1015",
    "allow_negative_coefficients=1",
    "solver_name=executable",
    "executable_binary=/home/bbarbe/exe/kissat",
    "min_num_adders=2",
    "max_num_adders=2",
    "allow_coefficient_sign_inversion=2"
  ],
  "returncode": -9,
  "satcmm_duration_seconds": 600.0538785420358,
  "analyzer_duration_seconds": 0.01273325551301241,
  "mux_cost": 27,
  "adder_graph_found": true,
  "killed_by_timeout": true
}